id,url,landmark_id
687c09f942938f4e,https://upload.wikimedia.org/wikipedia/commons/8/84/BVB_Walk_of_Fame_40-100.jpg,198059
11704d4b86f8fe1a,https://upload.wikimedia.org/wikipedia/commons/9/9f/Mirage_Island_Resort.jpg,136542
67e34bedf25bd3d2,http://upload.wikimedia.org/wikipedia/commons/b/be/Altaar_retabel_-_Netterden_-_20163885_-_RCE.jpg,180256
05250fb79c967abb,https://upload.wikimedia.org/wikipedia/commons/1/14/Zapis-0438-Miliva-lipa-kod-skole_20150827_0721.jpg,151989
ceb9fde5122403d6,https://upload.wikimedia.org/wikipedia/commons/2/25/SM_K%C5%82ocko_Ko%C5%9Bci%C3%B3%C5%82_%C5%9Bw_Walentego_%282017%29_%281%29_ID_614315.jpg,151069
a07dd54e2b44e4d9,https://upload.wikimedia.org/wikipedia/commons/6/68/Birgelen_P%C3%BCtzchen_Buntfenster_1.JPG,142367
ea63b03baf3073fa,https://upload.wikimedia.org/wikipedia/commons/a/af/RO_AB_Salistea_2011.43.jpg,64858
6ebaaa17fd934ab5,https://upload.wikimedia.org/wikipedia/commons/1/1a/Universal_Studios_-_French_Set_%282562106764%29.jpg,179389
a2b9ebee1790da61,https://upload.wikimedia.org/wikipedia/commons/5/54/Mus%C3%A9e_Louvre-Lens_Statue_cuirass%C3%A9e_de_Marc_Aur%C3%A8le%2C.jpg,58639
e7029177c0b09a19,https://upload.wikimedia.org/wikipedia/commons/a/a5/Kaneo_--_Ohrid_1.jpg,109963
aa7ff57188e414b2,https://upload.wikimedia.org/wikipedia/commons/2/28/Esgl%C3%A9sia_de_Santa_Cec%C3%ADlia_%28Moll%C3%B3%29_-_5.jpg,151124
721f604fcff84571,https://upload.wikimedia.org/wikipedia/commons/f/fa/Pino_sulla_Sponda_del_Lago_Maggiore_mittelalterlicher_Turm.jpg,162604
de529e7b4e3c9e43,https://upload.wikimedia.org/wikipedia/commons/e/e4/Bundesarchiv_Bild_183-D0805-0006-005%2C_Berlin%2C_Panorama_vom_Rathausturm%2C_Marienkirche.jpg,26434
37ee05ac87603bfd,https://upload.wikimedia.org/wikipedia/commons/0/0c/Schweizer_See_im_Fr%C3%BChling.jpg,102206
64d9678369375485,https://upload.wikimedia.org/wikipedia/commons/2/24/Wood_pasture_in_Thursford_Wood_-_geograph.org.uk_-_952455.jpg,54914
921dad547e58d25d,https://upload.wikimedia.org/wikipedia/commons/d/d1/I11_513_B%C3%A4llsta%C3%A5n.jpg,120895
52ee663ce4946c93,https://upload.wikimedia.org/wikipedia/commons/d/dd/Indian_Burial_Ceremony_%285816982810%29_%282%29.jpg,84689
6fbbf834306edd36,https://upload.wikimedia.org/wikipedia/commons/1/19/Piscu_Calului_AG_bislemn.naos_console_int_N.jpg,56102
738da5a7c5b31821,https://upload.wikimedia.org/wikipedia/commons/3/3d/Baszta_wi%C4%99zienna_w_Raciborzu_5.JPG,5980
3c0da4c84f9903b5,https://upload.wikimedia.org/wikipedia/commons/2/2d/Staromis%27kyi_district%2C_Vinnytsia%2C_Vinnyts%27ka_oblast%2C_Ukraine_-_panoramio_%2823%29.jpg,89244
50ab3f68b7c9c6eb,http://upload.wikimedia.org/wikipedia/commons/7/7d/View_from_Horinji_%28Nishikyo-ku%2C_Kyoto%292.jpg,131978
7ac6907d24801bf9,https://upload.wikimedia.org/wikipedia/commons/3/33/1982-06-07-Mesa_Verde-a_32-ps.jpg,137412
4739d4b8f08b5dd4,https://upload.wikimedia.org/wikipedia/commons/a/a4/View_2015_3_-_panoramio.jpg,191888
6eeb110ae5bf14ba,https://upload.wikimedia.org/wikipedia/commons/9/9e/St%C3%A1tn%C3%AD_lom_21.jpg,37041
f79a4cc3481b6aaf,https://upload.wikimedia.org/wikipedia/commons/b/b1/Children_walking_on_frozen_fountain_%287993544853%29.jpg,126357
8d563fa7302300b7,https://upload.wikimedia.org/wikipedia/commons/4/43/Leiden_Waalse_Kerk_hnapel_001.jpg,197879
165bd8503d80f963,https://upload.wikimedia.org/wikipedia/commons/b/ba/Royal_Mail_motorcycles_%282428667950%29.jpg,15862
35100cc624c20d6f,https://upload.wikimedia.org/wikipedia/commons/e/e0/Casa_siviero%2C_sala_da_pranzo%2C_soffitto_di_stefano_ussi_04.JPG,40907
50bcbb82eb381316,https://upload.wikimedia.org/wikipedia/commons/5/5f/2016_Malakka%2C_Budynek-memoria%C5%82_Proklamacji_Niepodleg%C5%82o%C5%9Bci%2C_Ekspozycja_w_%C5%9Brodku_muzeum_%2807%29.jpg,199267
79a701651325fb97,http://upload.wikimedia.org/wikipedia/commons/b/b1/Teteven-History-museum-buckles-3.jpg,161603
cf9d3f467230683f,https://upload.wikimedia.org/wikipedia/commons/9/9e/River_Niokolo_Koba.jpg,63204
ba9fdde6bdef88ab,https://upload.wikimedia.org/wikipedia/commons/0/00/Fort_aan_Den_Ham_IMG_3752_%2812748122955%29.jpg,109556
a3824c4221da7903,https://upload.wikimedia.org/wikipedia/commons/2/20/Indian_Creek_%2831136250843%29.jpg,128542
edf0ca04b3b7a9dd,https://upload.wikimedia.org/wikipedia/commons/e/e7/Roman_aqueduct%2C_Segovia%2C_1st_century_CE_%282%29_%2828849095634%29.jpg,145474
024d512f35c5c32c,https://upload.wikimedia.org/wikipedia/commons/c/c5/Pod_Ostrou_horou_02_-_panorama.jpg,37414
b50fbb6581e4fe17,https://upload.wikimedia.org/wikipedia/commons/5/5f/%D0%9A%D0%BE%D0%BD%D1%82%D0%B5%D0%B9%D0%BD%D0%B5%D1%80%D0%B8_%D0%B2%D1%96%D0%B4_%D0%97%D0%B5%D0%BB%D0%B5%D0%BD%D0%BE%D1%97_%D0%9A%D0%BE%D1%80%D0%BE%D0%B1%D0%BA%D0%B8.jpg,177870
133deb263d0391cb,https://upload.wikimedia.org/wikipedia/commons/1/1d/Let_dreams_soar_%2811499150735%29.jpg,94381
80845382fdaba63b,http://upload.wikimedia.org/wikipedia/commons/b/b6/Bragan%C3%A7a17.jpg,73328
232249a5f58e6281,http://upload.wikimedia.org/wikipedia/commons/8/89/Nordenskirker_Sir%2815%29.jpg,59218
3c9609e7358950c5,https://upload.wikimedia.org/wikipedia/commons/9/94/Turret_Grove_%288714312581%29.jpg,145234
1f3871208e71c7c7,https://upload.wikimedia.org/wikipedia/commons/1/15/Cardiff_City_Hall%2C_October_2018_%283%29.jpg,133728
e0482a93c193532a,http://upload.wikimedia.org/wikipedia/commons/c/c0/Overzicht_naar_het_noord-westen_-_Sluis_-_20201438_-_RCE.jpg,174421
91f6d86976e4cf37,https://upload.wikimedia.org/wikipedia/commons/b/bb/El_Ayuntamiento_de_Madrid_ya_luce_su_bandera_LGTBI%2C_realizada_%C3%ADntegramente_por_la_ciudadan%C3%ADa_%2803%29.jpg,45346
760528aba7404a59,https://upload.wikimedia.org/wikipedia/commons/0/0f/Courmayeur_-_Monte_Chetif.jpg,28080
121d79915bfa2b73,https://upload.wikimedia.org/wikipedia/commons/8/87/St._Georg_%28Pelka%29_01.jpg,30798
b82e8f2cfbe0a737,https://upload.wikimedia.org/wikipedia/commons/f/f3/H20151110-0022%E2%80%94Berkeley_Marina_DxO_%2822330849774%29.jpg,112737
e20236ddc6b82014,https://upload.wikimedia.org/wikipedia/commons/f/fb/Jardin_de_Plantes_%2842384760672%29.jpg,151164
8a3b7fbc77bb0795,https://upload.wikimedia.org/wikipedia/commons/a/ad/Latarnia_morska-Ko%C5%82obrzeg.jpg,33907
ef3f174c258d9a76,https://upload.wikimedia.org/wikipedia/commons/d/dc/Torrens_River_at_night.jpg,166222
462aa928a0bc51b0,https://upload.wikimedia.org/wikipedia/commons/e/e6/Shiga1_%283362130701%29.jpg,48296
96c9b3a68b8d1861,https://upload.wikimedia.org/wikipedia/commons/2/20/Pitmedden_Gardens_43.jpg,26435
157b1e3baca64dd0,https://upload.wikimedia.org/wikipedia/commons/0/0b/Suspension_Bridge%2C_Waco%2C_Texas2.jpg,106454
bc26caf90e1e5f50,http://upload.wikimedia.org/wikipedia/commons/3/3a/Dubrovnik_tram_5.jpg,126895
613be4b378365f87,https://upload.wikimedia.org/wikipedia/commons/f/fc/Grafham_Water_Visitors_Exhibition_Centre_-_geograph.org.uk_-_1205141.jpg,87452
491d0e9c6429728a,https://upload.wikimedia.org/wikipedia/commons/6/68/WaldfriedhofLauheideRussischesEhrenfeld.jpg,109615
858c875707dfe80f,http://upload.wikimedia.org/wikipedia/commons/2/24/Bohol_chocolate_hills.png,138208
6d564953c161f6b8,http://upload.wikimedia.org/wikipedia/commons/f/fd/Berceto-duomo-bassorilievo_portale.jpg,20472
ffe5f3344b25657e,https://upload.wikimedia.org/wikipedia/commons/7/7d/LE_%286281215592%29.jpg,181631
273a0ceee7c2e706,https://upload.wikimedia.org/wikipedia/commons/e/e8/Bracebridge_Pool_overflow_and_drainage_channel_-_geograph.org.uk_-_1575824.jpg,155028
c2fa2cd0005605ce,https://upload.wikimedia.org/wikipedia/commons/1/17/Dark_Cerulean_Jamides_bochus_by_Dr._Raju_Kasambe_IMG_3603_%2811%29.jpg,175783
6395c824086f24cb,https://upload.wikimedia.org/wikipedia/commons/1/11/80-382-5002_Mariinsky_park_SAM_3427.jpg,170553
5eae909657257a46,https://upload.wikimedia.org/wikipedia/commons/f/f8/Kanal%2C_Assumption_of_Mary_Parish_Church%2C_inner_view.jpg,18009
06a12fd16fe3b9d7,https://upload.wikimedia.org/wikipedia/commons/4/4b/Krak%C3%B3w_-_Ko%C5%9Bci%C3%B3%C5%82_Dominikan%C3%B3w%2C_szyt_AL01.JPG,153469
bd7fa706c41d1e54,https://upload.wikimedia.org/wikipedia/commons/7/7c/Scorpion_submarine_%2821586416176%29.jpg,190845
c7406c1b0371a1dd,https://upload.wikimedia.org/wikipedia/commons/7/71/Phlogacanthus_thyrsiformis_P1140560_02.jpg,122831
91e3a55916a0ca15,https://upload.wikimedia.org/wikipedia/commons/5/58/Ch%C3%A2teau_de_Chenonceau_%28vue_en_amont%29.jpg,454
7e833e818135116e,http://upload.wikimedia.org/wikipedia/commons/2/2b/Domfront_-_Notre_dame_sur_l%27eau_-_01.JPG,93402
d25a1ccea6c843f7,http://upload.wikimedia.org/wikipedia/commons/7/74/Ch%C3%A2teau_de_Breteuil_2010_086.jpg,108528
8572d01e9ab3e029,https://upload.wikimedia.org/wikipedia/commons/d/d6/V%C3%B6lklinger_H%C3%BCtte_114_Kokerei.JPG,136093
0a37610140c259a6,https://upload.wikimedia.org/wikipedia/commons/d/da/Parcul_Taul_Dondiuseni_%2812%29.jpg,115748
0d148535cbbd6b54,https://upload.wikimedia.org/wikipedia/commons/8/82/Russfriedhoftegel03.jpg,10928
ce31af74b27024b3,https://upload.wikimedia.org/wikipedia/commons/1/1c/Cologne_Germany_K%C3%B6lnTurm-01.jpg,55172
547bdbdd99bc0690,https://upload.wikimedia.org/wikipedia/commons/2/2a/Crocodile_sunbathing.jpg,21603
73e83323813e8c75,http://upload.wikimedia.org/wikipedia/commons/1/12/Hermann_Ott%C3%B3_M%C3%BAzeum_%282963._sz%C3%A1m%C3%BA_m%C5%B1eml%C3%A9k%29_3.jpg,20206
016459686ba27f30,https://upload.wikimedia.org/wikipedia/commons/6/6b/Rocky_Hill_Farm_lll_-_panoramio.jpg,115821
0bc0b64ecda4e462,http://upload.wikimedia.org/wikipedia/commons/5/56/Narva_Castle_%285%29.jpg,46281
2d4438414db1b837,https://upload.wikimedia.org/wikipedia/commons/4/4f/Slangkop_Light_House_04.jpg,168238
83c6ba06fe522a90,https://upload.wikimedia.org/wikipedia/commons/8/87/M%C3%A9morial_de_l%27abolition_de_l%27esclavage_%286%29.jpg,105514
69270762fec1512b,https://upload.wikimedia.org/wikipedia/commons/c/cb/Farm_Tomita_2.jpg,126236
4e40c00583a9b5be,https://upload.wikimedia.org/wikipedia/commons/f/fd/Pilone_di_Santa_Trada_-_Villa_San_Giovanni%2C_Italy_-_29_July_2008.jpg,191193
f8d0e60b07645ca3,https://upload.wikimedia.org/wikipedia/commons/8/86/Pont_Flavien_20111216_2.jpg,45650
ad574b2d703f1a86,http://upload.wikimedia.org/wikipedia/commons/f/fc/Whitby_Park%2C_Ellesmere_Port_%2824%29.JPG,191411
466ffb372e1bafe7,https://upload.wikimedia.org/wikipedia/commons/5/5b/Lotto%2C_t%E1%BA%A7ng_4%2C_Lotte_Center%2C_H%C3%A0_N%E1%BB%99i_001.JPG,133933
588c4e7cbfc01079,https://upload.wikimedia.org/wikipedia/commons/2/2d/Take_One_Right_Here_-_panoramio.jpg,142105
695a1f986ee52e3b,https://upload.wikimedia.org/wikipedia/commons/0/00/Miners_Alive%21_at_Plaza_Italia.jpg,42711
cd30fd76c7e09810,https://upload.wikimedia.org/wikipedia/commons/b/b5/Beach_60_Street_Straiton_td_%282018-12-13%29_20.jpg,136339
9d9c6ac27469a8a6,https://upload.wikimedia.org/wikipedia/commons/c/c6/Kampenwand%2C_Alpenblumen.jpg,74874
add11404f8f54c9d,https://upload.wikimedia.org/wikipedia/commons/1/13/Paris_-_Boulevard_Beaumarchais_28.JPG,104020
4a63cbf6b60f4a5d,https://upload.wikimedia.org/wikipedia/commons/c/ca/Craggy_Gardens_Sunrise_-_panoramio.jpg,75623
2d9aa0a9b7e96bc5,https://upload.wikimedia.org/wikipedia/commons/1/1f/Murrooghtoohy_North_Black_Head_Coast_Road_2015_09_01.jpg,816
945e56588a9d09e2,https://upload.wikimedia.org/wikipedia/commons/7/7b/Starr-091104-8834-Colubrina_asiatica-seedlings-Kahanu_Gardens_NTBG_Kaeleku_Hana-Maui_%2824620531719%29.jpg,184313
1d4e9d544e04a8f8,https://upload.wikimedia.org/wikipedia/commons/e/ea/Retford%2C_St_Swithun%27s_church%2C_window_%2838418847004%29.jpg,67861
7bd7aeeca5521be9,https://upload.wikimedia.org/wikipedia/commons/3/36/Epitaphs_at_the_Armenian_Pantheon_of_Tbilisi.JPG,104328
b0c9f7b0e6ede49c,https://upload.wikimedia.org/wikipedia/commons/7/73/Whitby_Abbey_%28and_visiting_bird%29_-_geograph.org.uk_-_1423486.jpg,154243
1818b62b77d3e2cd,https://upload.wikimedia.org/wikipedia/commons/9/9b/Pine_grove_in_Umino_Nakamichi_Seaside_Park.JPG,5111
aaad654dcf689862,https://upload.wikimedia.org/wikipedia/commons/2/2b/%D0%9D%D0%B0%D1%86%D1%96%D0%BE%D0%BD%D0%B0%D0%BB%D1%8C%D0%BD%D0%B8%D0%B9_%D0%BF%D1%80%D0%B8%D1%80%D0%BE%D0%B4%D0%BD%D0%B8%D0%B9_%D0%BF%D0%B0%D1%80%D0%BA_%C2%AB%D0%93%D0%BE%D0%BB%D0%BE%D1%81%D1%96%D1%97%D0%B2%D1%81%D1%8C%D0%BA%D0%B8%D0%B9%C2%BB_%D0%A2%D1%83%D1%82_%D1%82%D1%80%D0%B5%D0%BD%D1%83%D1%8E%D1%82%D1%8C%D1%81%D1%8F_%D0%B5%D0%BA%D1%81%D1%82%D1%80%D0%B5%D0%BC%D0%B0%D0%BB%D0%B8_14.JPG,178422
66def6b2043d1151,http://upload.wikimedia.org/wikipedia/commons/7/78/Motivo_2.jpg,42654
3da0d0cf1109c691,https://upload.wikimedia.org/wikipedia/commons/1/19/Schoenborn_Palace_07.JPG,116265
96b323e2a7996859,http://upload.wikimedia.org/wikipedia/commons/f/f8/Rome_summer_2012_014.JPG,132969
77b78218d09ac3df,https://upload.wikimedia.org/wikipedia/commons/8/85/Abbaye_Sainte_Marie_de_Valmagne.jpg,20151
cc0544b4783aa2b1,https://upload.wikimedia.org/wikipedia/commons/e/e1/Swetizchoweli-Kathedrale_28.jpg,69499
557584eef2ba7d8c,https://upload.wikimedia.org/wikipedia/commons/7/7f/Eidolon_dupreanum%2C_Peyrieras.jpg,98516
b97d189dd9d59f6d,https://upload.wikimedia.org/wikipedia/commons/1/1f/Archer_courthouse.jpg,98090
917280900048a9ca,https://upload.wikimedia.org/wikipedia/commons/b/b3/Biosphere_Kinnekulle_JF2.jpg,185612
ac394f6a27c4e96c,https://upload.wikimedia.org/wikipedia/commons/0/0e/Weathercock_Back_View_%282466704115%29.jpg,83753
560ab253598cec60,https://upload.wikimedia.org/wikipedia/commons/4/40/Kowloon_Bay%2C_Hong_Kong_-_panoramio_%2838%29.jpg,100982
526a7bc4187a89d4,https://upload.wikimedia.org/wikipedia/commons/b/b3/Inverness_to_Kyle_SWalesCst060416_6_%2827065963111%29.jpg,176010
4919d9b794051839,https://upload.wikimedia.org/wikipedia/commons/3/3a/Impressions_of_Lake_Bunyonyi_by_Zenith4237_%2813%29.jpg,119503
4509ba97f4018ca9,https://upload.wikimedia.org/wikipedia/commons/e/ed/%C3%89glise_Notre_Dame_de_l%27Assomption_%40_Paris_16_%2833264842560%29.jpg,97384
847e9bbcd0cc1b1e,https://upload.wikimedia.org/wikipedia/commons/8/8a/Cincinnati_%E2%80%93_Spring_Grove_Cemetery_%26_Arboretum_%E2%80%9CBranches_-_With_%26_Without%22_%2824111978388%29.jpg,65855
c2be2e2b99c2e4b9,https://upload.wikimedia.org/wikipedia/commons/c/ca/CatedralBel%C3%A9m_IMG_1225_%283567998029%29.jpg,73596
0f1476c2e8244c02,https://upload.wikimedia.org/wikipedia/commons/e/ea/Kloster_bzw_Schloss_Z%C4%8F%C3%A1r_nad_S%C3%A1zavou_%2841437252811%29.jpg,176222
8cafa4d32416aac1,https://upload.wikimedia.org/wikipedia/commons/2/2b/Biecz_muzeum_regionalne_044.JPG,104025
65f58b7e4de978f9,https://upload.wikimedia.org/wikipedia/commons/3/3e/Torbach.jpg,65625
86a36a64c4158c0c,https://upload.wikimedia.org/wikipedia/commons/2/28/Inner_yard_of_the_Royal_Academy_of_Arts_%28January_2012%29_-_panoramio.jpg,111810
b886b0646709e0a4,https://upload.wikimedia.org/wikipedia/commons/f/f1/Cementiri_de_Sants%2C_l%27Hospitalet-5.JPG,166783
0265ec46e0600ec7,https://upload.wikimedia.org/wikipedia/commons/1/1e/Former_Residence_of_Huang_Rongliang_%28Porcelain_House%29_at_night_6.jpg,25868
fa8948343cd7abc4,https://upload.wikimedia.org/wikipedia/commons/f/fa/Du_Fu_Thatched_Cottage_Museum_22_%2813792587655%29.jpg,88834
a2b2bd4e84447887,https://upload.wikimedia.org/wikipedia/commons/3/32/G%C3%B6teborg_-_panoramio_%282%29.jpg,24812
c1baac8659a25363,https://upload.wikimedia.org/wikipedia/commons/9/90/Turun_apteekkimuseo.jpg,93081
cc3ea900595fc5a6,https://upload.wikimedia.org/wikipedia/commons/5/52/Greys_Monument%2C_Newcastle_upon_Tyne%2C_7_November_2013.jpg,191978
4655b595bf5d5636,https://upload.wikimedia.org/wikipedia/commons/0/00/Medical_seat.jpg,146756
ec0fe586e6e119ca,https://upload.wikimedia.org/wikipedia/commons/c/ca/Ursus_americanus_PO_06.jpg,71257
15f02a171f2e357f,https://upload.wikimedia.org/wikipedia/commons/7/7b/Suthan_Battery_Mangaluru.jpg,99119
3c4a75459a936b34,https://upload.wikimedia.org/wikipedia/commons/6/69/Vista_notturna_del_Ricetto_di_Candelo.jpg,129529
f476a81e68f2bd68,https://upload.wikimedia.org/wikipedia/commons/2/25/Kirchhof_nikolassee_berlin_2018-04-01_%2830%29.jpg,70926
26642e4bc3146076,https://upload.wikimedia.org/wikipedia/commons/a/a6/Ganadores_de_concurso_en_redes_sociales_visitan_Torre_Tagle_%289718302131%29.jpg,46837
71b1c279bf4739c8,https://upload.wikimedia.org/wikipedia/commons/a/a7/Loch_Shiel_-_geograph.org.uk_-_1028606.jpg,1146
767a8efd5ddd16d9,https://upload.wikimedia.org/wikipedia/commons/b/b7/New_York_Botanical_Garden_17.jpg,11337
58a2c6a75331bebf,https://upload.wikimedia.org/wikipedia/commons/1/12/Mull_of_Kintrye_Lighthouse.jpg,92776
edc724662553e65c,https://upload.wikimedia.org/wikipedia/commons/3/3f/Azerbaijan_State_Theatre_of_Musical_Comedy_building_fa%C3%A7ade_Neft%C3%A7il%C9%99r_avenue.jpg,132633
d5921710b63ee70f,https://upload.wikimedia.org/wikipedia/commons/9/92/Eram_Garden_27.JPG,186615
80e129bc7d55e5e7,https://upload.wikimedia.org/wikipedia/commons/b/bc/K%C5%99%C3%AD%C5%BEov%C3%A1_cesta_Annaberg_15.jpg,95070
8a83d9c9e4c7e976,https://upload.wikimedia.org/wikipedia/commons/c/c6/Copacabana_Sunny_Day_-%29_-_panoramio.jpg,180308
4efa5395eb0621dd,https://upload.wikimedia.org/wikipedia/commons/1/15/St._Wenceslaus_Church_-_crucifix_2.JPG,139290
13972c31c54ca17b,https://upload.wikimedia.org/wikipedia/commons/2/20/Tibet_%285134444721%29.jpg,40715
93cef94edc96e997,http://upload.wikimedia.org/wikipedia/commons/0/08/Palic11.jpg,132802
c3701ebfd89f2ec2,https://upload.wikimedia.org/wikipedia/commons/3/3a/Aerial_View_-_Schwarzwaldausl%C3%A4ufer2.jpg,70220
18569175d1a485bc,https://upload.wikimedia.org/wikipedia/commons/3/35/Daugavpils_Sv._P%C4%93tera_kato%C4%BCu_bazn%C4%ABca_2000-07-21.jpg,100832
2ca2e862c8d79d2e,https://upload.wikimedia.org/wikipedia/commons/0/0e/Leesylvania_DSC_0122_%2814540887579%29.jpg,181631
3e94a443fab81868,https://upload.wikimedia.org/wikipedia/commons/4/44/Lighthouse_at_Peggy%27s_Cove%2C_NS.jpg,8822
5d78fdc010027b2f,http://upload.wikimedia.org/wikipedia/commons/9/9b/Meerfelder_Maar._Naturschutzgebiet-9036.jpg,15376
27ec28465b030c99,https://upload.wikimedia.org/wikipedia/commons/3/39/Caiman_%287958430498%29.jpg,195128
06fb6547e02dca50,https://upload.wikimedia.org/wikipedia/commons/d/d6/Burano_Museo_Merletto.jpg,95802
b989acd3f72c8fe5,https://upload.wikimedia.org/wikipedia/commons/d/d3/Thailand_2015_%2820850313121%29.jpg,113743
581a1f7fae6fbf7c,https://upload.wikimedia.org/wikipedia/commons/4/49/Detalles_Estaci%C3%B3n_Atocha%2C_Madrid_09.jpg,153561
2e68a3f2038bacee,http://upload.wikimedia.org/wikipedia/commons/0/06/Briesetal_bei_Briese.JPG,24616
8c8ff27f73d446de,https://upload.wikimedia.org/wikipedia/commons/8/84/Elephantine_Island_by_Hatem_Moushir_177.JPG,81351
9803fef1277ab0d3,https://upload.wikimedia.org/wikipedia/commons/5/5c/085_Casa_Roura%2C_riera_de_Sant_Dom%C3%A8nec_1_%28Canet_de_Mar%29.JPG,122965
437a26b572e1d5d6,https://upload.wikimedia.org/wikipedia/commons/6/6c/St._Severin%2C_Eilendorf_-_geo.hlipp.de_-_9338.jpg,57241
2c265acfa9034a9f,http://upload.wikimedia.org/wikipedia/commons/f/fe/AfNikitin.JPG,196834
2b5279b0db04b331,https://upload.wikimedia.org/wikipedia/commons/c/c8/Hafenlohrtal.JPG,14138
c5bcde66bfe4eb79,http://upload.wikimedia.org/wikipedia/commons/f/f7/Orchis_tridentata_x_Orchis_ustulata-002.jpg,80509
6a3b3d05cfb7a412,https://upload.wikimedia.org/wikipedia/commons/1/10/Sherwood_Forest_%289479%29.jpg,46331
eefc663fcd391dd6,https://upload.wikimedia.org/wikipedia/commons/2/2c/Belalakaja.Karachay-Cherkessia.jpg,13138
38fd0e4bc8347302,https://upload.wikimedia.org/wikipedia/commons/2/24/Flatiron_Building_-_Portland_Oregon.jpg,100585
7a95febe5a8b7b86,https://upload.wikimedia.org/wikipedia/commons/9/96/Parstein-nord.jpg,63943
55d182e21d1db4c1,https://upload.wikimedia.org/wikipedia/commons/7/75/Montauk_Lighthouse_%282770678793%29.jpg,188564
c02487eac0936cd9,https://upload.wikimedia.org/wikipedia/commons/d/d6/Praha_Czech_%28220907349%29.jpeg,190956
763c4c93ce5ac80f,https://upload.wikimedia.org/wikipedia/commons/7/78/Otto-Weddigen-Gedenktafel.jpg,86831
97480ddc2a29ac8d,https://upload.wikimedia.org/wikipedia/commons/2/29/RufinoTamayoOaxacaMuseumA285.JPG,108028
3c453ee2032890dc,https://upload.wikimedia.org/wikipedia/commons/2/21/Bastei_from_river_Elbe_04.JPG,59272
f9609bf391f2a336,http://upload.wikimedia.org/wikipedia/commons/3/38/Breendonk054.jpg,129444
c90f98303cfec4ac,https://upload.wikimedia.org/wikipedia/commons/9/9e/%C3%89glise_Saint-%C3%89tienne_Bouconvillers_confesse.JPG,173303
362ebc1d8d74e59a,https://upload.wikimedia.org/wikipedia/commons/8/86/AIRM_-_Tumarkin_villa_-_jun_2015_-_15.jpg,38486
52db9b378f229702,https://upload.wikimedia.org/wikipedia/commons/9/93/7_Torshavn_cathedral_300918.jpg,125123
1c9052eb57f0f1d3,https://upload.wikimedia.org/wikipedia/commons/2/2d/In_Leonardslee_Gardens_%28geograph_4819581%29.jpg,143812
a03911571563ee70,https://upload.wikimedia.org/wikipedia/commons/c/c7/Viborg_Kommune_-_Klejtrup_-_Verdenskortet_04_ies.jpg,44256
79b387fd3ab7f7ca,http://upload.wikimedia.org/wikipedia/commons/3/32/Robevci_16.JPG,164804
836735ba1b9c0ddb,http://upload.wikimedia.org/wikipedia/commons/b/ba/Church_of_bernardines_Lviv.jpg,34547
feb0b3491b819e11,https://upload.wikimedia.org/wikipedia/commons/3/31/Sas_Bahu_Ka_Mandir_Fort_Gwalior_-_panoramio_-_Gyanendrasinghchauha%E2%80%A6_%283%29.jpg,41840
0c948db37d8b44d1,https://upload.wikimedia.org/wikipedia/commons/3/3c/Kashira_island_in_Bizen%2C_Okayama%2CJapan_%E5%B2%A1%E5%B1%B1%E7%9C%8C%E5%82%99%E5%89%8D%E5%B8%82%E6%97%A5%E7%94%9F%E7%94%BA%E6%97%A5%E7%94%9F%2C%E9%A0%AD%E5%B3%B6_0127.JPG,113414
b892f8758cd4d1c5,https://upload.wikimedia.org/wikipedia/commons/0/03/Jiufen_-_panoramio_%282%29.jpg,91977
37018e91b83b9711,https://upload.wikimedia.org/wikipedia/commons/7/73/Pfarrkirche_Perchtoldsdorf%2C_Bild_10.jpg,170447
b580eb2f11407023,https://upload.wikimedia.org/wikipedia/commons/8/87/Bruges_Belgium_Belfry-02.jpg,142296
0ee281e85ab60ea4,https://upload.wikimedia.org/wikipedia/commons/b/b6/S%C3%B3ller%2C_Balearic_Islands%2C_Spain_-_panoramio_%283%29.jpg,31546
4c2440bc06409511,https://upload.wikimedia.org/wikipedia/commons/e/e9/Richmond_and_Putney_Unitarian_Church_02.jpg,109936
9cac0a804c5893d8,https://upload.wikimedia.org/wikipedia/commons/b/b0/Lago_Nordenskj%C3%B6ld_%282052731880%29.jpg,13497
7eab67c884c44e21,https://upload.wikimedia.org/wikipedia/commons/2/24/Red_flower_%289524924133%29.jpg,196122
8e5b4bd6d004e7e1,http://upload.wikimedia.org/wikipedia/commons/7/72/KleineWeser-02.jpg,52336
f6b7604e71e81cfd,https://upload.wikimedia.org/wikipedia/commons/a/ae/Westtrib%C3%BCne_2.JPG,20036
d796785072e47fa3,https://upload.wikimedia.org/wikipedia/commons/5/5f/Cemiterio_da_Consola%C3%A7%C3%A3o_%282018%29_053.jpg,115350
f87f6deebec56f12,https://upload.wikimedia.org/wikipedia/commons/d/d5/Balban_Khan%27s_Tomb_039.jpg,170458
2f42d9c0b52780bf,https://upload.wikimedia.org/wikipedia/commons/a/af/US-War_Memorial_Jan11_004.jpg,3253
7b3918b4422766ad,https://upload.wikimedia.org/wikipedia/commons/8/87/Skuleskogens_Nationalpark_-_KMB_-_16000300033582.jpg,53193
3e1d7f3214d84590,https://upload.wikimedia.org/wikipedia/commons/e/e5/Cuenca_del_r%C3%ADo_Manzanares_Monte_del_Pardo_17.JPG,4786
9178be50f088036a,http://upload.wikimedia.org/wikipedia/commons/4/42/Fort_Grossfuerst_Konstantin02.jpg,84161
2963f2fe9f106215,https://upload.wikimedia.org/wikipedia/commons/1/1c/Jackson_Square_pigeon_watcher%2C_New_Orleans.jpg,76147
6ab8f8fbab7d8442,https://upload.wikimedia.org/wikipedia/commons/a/a0/Dangast4.JPG,53969
501ae43c9cce74ef,https://upload.wikimedia.org/wikipedia/commons/3/3a/Bad_Windsheim_-_Fr%C3%A4nkisches_Freilandmuseum%2C_Hausisolierung_12.JPG,74133
d042d014c763ac63,https://upload.wikimedia.org/wikipedia/commons/8/82/Cova_Tallada%2C_orificis_al_sostre.JPG,77982
b77701a7758a7ca4,https://upload.wikimedia.org/wikipedia/commons/8/83/A_view_of_Nataraja_Shiva_Temple_at_Chidambaram%2C_Tamil_Nadu_%2812%29.jpg,15188
d400945e8c9629df,https://upload.wikimedia.org/wikipedia/commons/b/bd/The_Florida_Mall_looking_north_from_Macy%27s.jpg,16221
38a363e851b0e72b,https://upload.wikimedia.org/wikipedia/commons/8/89/Fraenkelufer4_Berlin.JPG,96199
21f0d57f18e74c01,https://upload.wikimedia.org/wikipedia/commons/0/0c/Les_-_panoramio_%286%29.jpg,182342
b04cf5e561d68956,https://upload.wikimedia.org/wikipedia/commons/0/0a/16_Vynnychenka_Street%2C_Lviv_%2801%29.jpg,138125
e03c53b4a4ac48c0,https://upload.wikimedia.org/wikipedia/commons/6/6f/2015-11-03_08_32_04_Fall_streaks_over_the_Nelson_Peak%2C_Utah.jpg,1689
0c382075b2dbf7da,https://upload.wikimedia.org/wikipedia/commons/9/9f/Thailand_-_Koh_Phangan_%2824988033222%29.jpg,42452
ab83b1b2577df75e,https://upload.wikimedia.org/wikipedia/commons/9/9d/Charleston_farmhouse_-_geograph.org.uk_-_426348.jpg,123585
67428ea43ff0e5bd,https://upload.wikimedia.org/wikipedia/commons/1/10/MSF_IMG_6947_%2833802155645%29.jpg,89786
ad6ab8c88174a876,https://upload.wikimedia.org/wikipedia/commons/5/5a/Rachowice%2C_ko%C5%9Bci%C3%B3%C5%82_Tr%C3%B3jcy_%C5%9Awi%C4%99tej%2C_fragment_elewacji_po%C5%82udniowej.JPG,126507
208621f3fb0b536b,http://upload.wikimedia.org/wikipedia/commons/0/05/Kalkberg_Segeberg.jpg,70068
9ac60e82ec2ddb66,https://upload.wikimedia.org/wikipedia/commons/f/f6/Big_Zgorany_lake-04-2014-1.JPG,201765
fa38164e99de9700,https://upload.wikimedia.org/wikipedia/commons/a/a3/%D7%94%D7%97%D7%95%D7%9E%D7%95%D7%AA_%D7%A0%D7%9B%D7%91%D7%A9%D7%95_%D7%95%D7%A0%D7%94%D7%A8%D7%A1%D7%95_%D7%94%D7%A8%D7%91%D7%94.JPG,199209
be907789aa7880f8,https://upload.wikimedia.org/wikipedia/commons/9/99/Petco_Park_under_construction_December_2000_-_panoramio.jpg,102524
5149fc2ede0dbd33,https://upload.wikimedia.org/wikipedia/commons/d/d7/Staubbach_Wasserfall_im_Gegenlicht_in_Lauterbrunnen_-_panoramio.jpg,37588
d17cf5411ecea23b,https://upload.wikimedia.org/wikipedia/commons/7/73/Big_Buck%27s_%2813046409725%29.jpg,71714
d18d414df291e8ae,http://upload.wikimedia.org/wikipedia/commons/a/ac/Side_view_Basilica_of_Santo_Ni%C3%B1o.jpg,48319
215928ffbe6172e8,https://upload.wikimedia.org/wikipedia/commons/b/b9/Annakap.jpg,188964
4922dd718d3d69d1,https://upload.wikimedia.org/wikipedia/commons/4/4b/Abney_Park_%E2%80%93_20180710_110932_%2842414495025%29.jpg,110536
b4350015e7a133bb,https://upload.wikimedia.org/wikipedia/commons/2/24/Siuslaw_River_Bridge_%2833017811602%29.jpg,100693
c96abc269ab24526,https://upload.wikimedia.org/wikipedia/commons/9/9b/Rogue_Farms_7-Hop_IPA.jpg,89662
8e50144d58a8007b,http://upload.wikimedia.org/wikipedia/commons/6/61/11.8.11UnionCityFireByLuigiNovi22.jpg,165603
0da6c78bd7c1666c,https://upload.wikimedia.org/wikipedia/commons/7/72/Pego_do_Inferno-Tavira_%28Portugal%29_%2830580714508%29.jpg,148376
670137fb16f2b4ef,https://upload.wikimedia.org/wikipedia/commons/1/18/Jebel_Akhdar_%286%29.jpg,85983
45b447e61195fca6,https://upload.wikimedia.org/wikipedia/commons/2/2c/Maisema_kallahdenharjulta.jpg,151498
7308752c5a88f738,https://upload.wikimedia.org/wikipedia/commons/0/0c/Diakonievene._Natuurgebied_van_It_Fryske_Gea_010.jpg,50924
cb5a6311580960e6,https://upload.wikimedia.org/wikipedia/commons/1/1a/Visitors_Center%2C_CB%2C_Yerevan%2C_ArmAg_%2832%29.jpg,143575
bd637ca7f38ad084,https://upload.wikimedia.org/wikipedia/commons/7/72/Versailles_Park_Grand_Canal_327.jpg,195542
4dc5b6dd93120245,https://upload.wikimedia.org/wikipedia/commons/8/8f/Poztan_trikuharria.jpg,46934
6e237c970cc65d95,https://upload.wikimedia.org/wikipedia/commons/0/07/NSG_HA_097_Naturwald_Saubrink_und_Oberberg_-_Lerchensporn_%282%29.jpg,126186
7e540fe466aa275f,https://upload.wikimedia.org/wikipedia/commons/6/6f/Ophrys_sphegodes_%28s._str.%29_sl2.jpg,89057
2084e2d31a93f932,http://upload.wikimedia.org/wikipedia/commons/0/02/Faringe_church_Uppsala_Sweden_002.JPG,174162
737a4a81a43a6161,https://upload.wikimedia.org/wikipedia/commons/d/df/Clachan_Bridge_-_geograph.org.uk_-_975957.jpg,53939
cd625bd9246a5a8d,https://upload.wikimedia.org/wikipedia/commons/e/eb/Walk-through_between_Nagoya_Dome_and_AEON_MALL_Nagoya_Dome_Mae.jpg,185070
6e4aea0aa993bf80,http://upload.wikimedia.org/wikipedia/commons/2/28/Bobst_Graphic-Scrib_Portable-IMG_7034.jpg,67929
2b36bebc9a3d4216,https://upload.wikimedia.org/wikipedia/commons/a/a5/Pont-Neuf_03.jpg,141430
c6039cd1756eb5bd,http://upload.wikimedia.org/wikipedia/commons/8/8f/Kerk%2C_interieur_-_%27s-Hertogenbosch_-_20109531_-_RCE.jpg,135601
0d883486ef065fd4,https://upload.wikimedia.org/wikipedia/commons/4/46/M%C3%BCnchen_%289761871222%29.jpg,83892
561497133aee931c,https://upload.wikimedia.org/wikipedia/commons/b/b7/%C5%81%C3%B3d%C5%BA-Gdynia_Cinema.jpg,184234
bf86a1aadc33de86,https://upload.wikimedia.org/wikipedia/commons/3/3e/NSG_Mittleres_Innerstetal_mit_Kanstein_-_Derneburg_-_Waschhausteich_%285%29.jpg,151942
63d2e29bd72c5b53,http://upload.wikimedia.org/wikipedia/commons/c/c5/050529_Barcelona_097.jpg,9842
adb2c323549f527d,https://upload.wikimedia.org/wikipedia/commons/8/8e/Tianning_Temple_in_Changzhou_%282%29.jpg,202917
c9532de4e75041e0,https://upload.wikimedia.org/wikipedia/commons/1/10/Oslo_harbor_from_Akershus_Fortress_%282%29_%2836328229341%29.jpg,37271
b42d21cf5db770a0,https://upload.wikimedia.org/wikipedia/commons/c/ce/R%C3%B6srath_Germany_St-Nikolaus-von-Tolentino-66.jpg,27778
9146f7ff748ce497,http://upload.wikimedia.org/wikipedia/commons/f/f0/2008-05-19_Balzers_Liechtenstein_5486.jpg,196712
507d3365ac8ebd5a,https://upload.wikimedia.org/wikipedia/commons/e/ee/Salt_Springs_State_Park_Trough.jpg,197276
8368138a76f6fcac,https://upload.wikimedia.org/wikipedia/commons/3/30/R%C3%A5shult.jpg,21663
740b341afc9e36d2,https://upload.wikimedia.org/wikipedia/commons/5/5c/Nicolaikirche_Portal_Pulsnitz.JPG,694
b74d44e1f635dad6,http://upload.wikimedia.org/wikipedia/commons/1/18/Inwendig_restauratie_-_Doorwerth_-_20059989_-_RCE.jpg,89207
cc4532c094c6faa3,https://upload.wikimedia.org/wikipedia/commons/e/e6/Herbertstra%C3%9Fe%2C_Hamburg%2C_Germany_02.jpg,55919
f6aceaf151fbda29,https://upload.wikimedia.org/wikipedia/commons/8/84/Turkish_Bath_in_Acre.JPG,72906
63140768f0605450,http://upload.wikimedia.org/wikipedia/commons/8/8e/Horni_ujezd_tr_kostel.jpg,199939
bf358aed270cb639,https://upload.wikimedia.org/wikipedia/commons/d/d1/2015-10-43-Archaeological_sites_in_Pirot%2C_Serbia.jpg,97261
ce9218ca1b86df9b,https://upload.wikimedia.org/wikipedia/commons/e/e6/China_IMG_3555_%2829446111480%29.jpg,55623
6847b4cf51cf3118,https://upload.wikimedia.org/wikipedia/commons/b/b6/Marienstiftskirche_Lich_Schiffsarkade_O_01.JPG,167030
2fde439a8358dcba,https://upload.wikimedia.org/wikipedia/commons/0/0e/La-breche-de-Roland-et-le-Puy-de-Peyre-Arse-vu-du-Puy-Mary-DSC2-672.jpg,112956
47ce544f63122b29,https://upload.wikimedia.org/wikipedia/commons/a/a2/Doma%C5%BElice%2C_Chodsk%C3%A9_n%C3%A1m%C4%9Bst%C3%AD_96%2C_Muzeum_Chodska_%289070%29.jpg,8912
22003e57d916e4ff,https://upload.wikimedia.org/wikipedia/commons/9/96/Humanwine_at_AS220.jpg,123148
659ad07e09d7aa85,http://upload.wikimedia.org/wikipedia/commons/6/6e/Tanner_Moor_8_%28DFdB%29.JPG,155183
c384e90b2d8b9f50,http://upload.wikimedia.org/wikipedia/commons/4/48/Alben_dall_arera.jpg,69179
3c813602c5d61794,https://upload.wikimedia.org/wikipedia/commons/6/6b/Staddle_Stones_-_Skansen_-_Sweden.jpg,30687
db326eb1f6677d97,http://upload.wikimedia.org/wikipedia/commons/2/22/Miyanouradake2.jpg,156166
13d971e85672067f,http://upload.wikimedia.org/wikipedia/commons/c/c5/Trafos_07.jpg,22697
402f847e06da2d0a,https://upload.wikimedia.org/wikipedia/commons/6/60/St._Giles_Church%2C_Camberwell_Church_Street_-_geograph.org.uk_-_1707519.jpg,145248
8b99dcaa776e3886,https://upload.wikimedia.org/wikipedia/commons/c/c7/Naturschutzgebiet_Heuckenlock_21.05.2014_Phase_16.JPG,46839
00c927cb1e1775d5,https://upload.wikimedia.org/wikipedia/commons/7/75/The_Majestic_Oak_%285404399653%29.jpg,192931
f6dc0afff376f34b,https://upload.wikimedia.org/wikipedia/commons/9/90/1-DSCN8173_T%C5%AF%C5%84_u_Hrobic.jpg,158565
60b90a46fe0c0b7a,https://upload.wikimedia.org/wikipedia/commons/b/bb/Los_Angeles_Memorial_Coliseum_%282010%29.jpg,58652
8cd759450247a428,http://upload.wikimedia.org/wikipedia/commons/4/44/Vrnik02764.JPG,179964
1b345a55a480f39c,https://upload.wikimedia.org/wikipedia/commons/1/1b/Museu_do_Traje_8407.jpg,101033
c4654428ce228d69,https://upload.wikimedia.org/wikipedia/commons/8/82/S%C3%BCdfriedhof_und_Theodor-Heuss-Ring_%28Bundesstra%C3%9Fe_B_76%29_mit_Waldwiesenkreuz_%28Kiel_66.160%29.jpg,75
55fe95e628e09bf4,https://upload.wikimedia.org/wikipedia/commons/a/a9/SdKfz8_Skansen_rzeki_Pilicy_IMGP1799.jpg,138943
886a12e7a3d22be5,https://upload.wikimedia.org/wikipedia/commons/6/64/%E9%BB%83%E8%8A%B1%E5%B4%97%E9%BE%8D%E6%9F%B1.JPG,143729
8a374bf72f41d5a0,https://upload.wikimedia.org/wikipedia/commons/9/94/Approaching_Norton_Road_on_the_Wherryman%27s_Way_-_geograph.org.uk_-_1493164.jpg,23642
33e9923a507aa9d5,http://upload.wikimedia.org/wikipedia/commons/9/91/Erfurt%2C_Dominikanerkirche-001.jpg,143880
21b7ca310fec2786,https://upload.wikimedia.org/wikipedia/commons/c/c0/Boulder_with_possible_cup-and-ring_marks_-_geograph.org.uk_-_1362988.jpg,57037
d519fd3baa46c774,https://upload.wikimedia.org/wikipedia/commons/a/a2/Z%C3%A1vist%2C_%C4%8Dtve%C5%99it%C3%A1_zna%C4%8Dka.jpg,138920
087c02de41888c00,https://upload.wikimedia.org/wikipedia/commons/4/43/Kleiner_Kiel_im_Winter_%28Kiel_37.764%29.jpg,195296
690b1d7e318ccbed,https://upload.wikimedia.org/wikipedia/commons/b/b0/Kaisaniemen_ranta_N72_%28hkm.HKMS000005-0000008h%29.jpg,682
b808b223dfbbbab7,https://upload.wikimedia.org/wikipedia/commons/c/ce/Naval_Museum%2C_Varna_2017_154.jpg,158317
1c85fa7197fd801d,https://upload.wikimedia.org/wikipedia/commons/5/56/Olympic_Stadium_in_1952_-_panoramio.jpg,159034
ea8d0eb85c679f26,https://upload.wikimedia.org/wikipedia/commons/b/b1/Hohenheim_-_Iris_orientalis_02.jpg,37276
7c92bca98f23fe9c,http://upload.wikimedia.org/wikipedia/commons/a/a5/Alte-Bruecke-Frankfurt-2013-Ffm-821.jpg,12040
5454c409739080e7,https://upload.wikimedia.org/wikipedia/commons/7/72/F%C3%A4rjestaden_September_2014_02.jpg,50848
644ed3ef7de8a5f8,https://upload.wikimedia.org/wikipedia/commons/9/93/Kv._Racketen%2C_Gustavslundsv%C3%A4gen_155%2C_invid_Alviks_Torg%2C_2016f.jpg,156255
c4bbcfcb235d5ccb,https://upload.wikimedia.org/wikipedia/commons/9/98/WR_Schlosshof2.JPG,147683
89db5f3da9af604c,https://upload.wikimedia.org/wikipedia/commons/9/9a/Grass_%2823089427660%29.jpg,69193
8ba3c32f8e60a24e,https://upload.wikimedia.org/wikipedia/commons/8/81/View_of_El_Santuario_de_Chimayo.jpg,163925
bb80d1d3049ddf21,https://upload.wikimedia.org/wikipedia/commons/e/e5/2015-365-59_Oh_Buoy_%2816059914003%29.jpg,40248
782f68dcc8752afc,https://upload.wikimedia.org/wikipedia/commons/1/17/Pin%C3%A8de_au_Grand_Gaou_2.JPG,159607
a99109b140e12fcf,https://upload.wikimedia.org/wikipedia/commons/3/33/PEnedo_Furado_12.jpg,204
e148f3913de6af6e,https://upload.wikimedia.org/wikipedia/commons/7/7b/%D0%A1%D0%BF%D0%B0%D1%81%D0%BE-%D0%AF%D0%BA%D0%BE%D0%B2%D0%BB%D0%B5%D0%B2%D1%81%D0%BA%D0%B8%D0%B9_%D0%94%D0%B8%D0%BC%D0%B8%D1%82%D1%80%D0%B8%D0%B5%D0%B2_%D0%BC%D1%83%D0%B6%D1%81%D0%BA%D0%BE%D0%B9_%D0%BC%D0%BE%D0%BD%D0%B0%D1%81%D1%82%D1%8B%D1%80%D1%8C._%D0%9E%D0%B7%D0%B5%D1%80%D0%BE_%D0%9D%D0%B5%D1%80%D0%BE._%D0%A0%D0%BE%D1%81%D1%82%D0%BE%D0%B2._%D0%AF%D1%80%D0%BE%D1%81%D0%BB%D0%B0%D0%B2%D1%81%D0%BA%D0%B0%D1%8F_%D0%BE%D0%B1%D0%BB._%D0%90%D0%B2%D0%B3%D1%83%D1%81%D1%82_2014_-_panoramio.jpg,153446
e6736b33699b7324,https://upload.wikimedia.org/wikipedia/commons/3/37/PM_096209_E_Tarrega.jpg,149097
72e6cd1ed82d33c4,https://upload.wikimedia.org/wikipedia/commons/5/5d/A%27FAMOSA_1.JPG,196338
259aaca3fe18f1ba,https://upload.wikimedia.org/wikipedia/commons/e/e6/Op%C3%A9ra_Lyon_6.jpg,140195
2ea45272ac3cae06,https://upload.wikimedia.org/wikipedia/commons/9/95/West_Archway_to_Kynance_Mews%2C_South_Kensington-geograph-2737077-by-David-Anstiss.jpg,41802
5be2bcd8c301f050,https://upload.wikimedia.org/wikipedia/commons/0/07/Oerlikon_-_Hallenstadion_-_Messe_Z%C3%BCrich_-_Wallisellenstrasse_2011-03-15_15-18-40.JPG,134900
3d31cc8d2b35fe84,https://upload.wikimedia.org/wikipedia/commons/1/1c/1_Regent_Terrace_2015.JPG,109382
3c7c1ad9b5ba93ee,https://upload.wikimedia.org/wikipedia/commons/3/3f/Parc_Maisonneuve_31.jpg,168565
ef79f9bddedb8bc1,https://upload.wikimedia.org/wikipedia/commons/9/9f/%D0%89%D1%83%D0%B1%D0%B0%D0%BD%D0%B8%D1%88%D1%82%D0%B0_22.JPG,120885
2502ce7f8dbe6ccd,https://upload.wikimedia.org/wikipedia/commons/7/7f/Yamadera_%E5%B1%B1%E5%AF%BA_-_panoramio_%281%29.jpg,52777
fe5cc6bd266377f8,https://upload.wikimedia.org/wikipedia/commons/8/88/%D0%A6.%D0%A1%D0%B2%D1%8F%D1%82%D0%BE%D0%B3%D0%BE_%D0%B2%D0%B5%D0%BB%D0%B8%D0%BA%D0%BE%D0%BC%D1%83%D1%87%D0%B5%D0%BD%D0%B8%D0%BA%D0%B0_%D0%9F%D0%B0%D0%BD%D1%82%D0%B5%D0%BB%D0%B5%D0%B9%D0%BC%D0%BE%D0%BD%D0%B0_%D1%86%D0%B5%D0%BB%D0%B8%D1%82%D0%B5%D0%BB%D1%8F.jpg,88136
af28525d72554a34,https://upload.wikimedia.org/wikipedia/commons/4/45/%D9%BE%D9%88%D9%84%D9%86%DA%89_13.jpg,124455
40e6f6d35b501fb2,https://upload.wikimedia.org/wikipedia/commons/8/89/William_Oldrin%2C_Jr.%281800-1805%29_tombstone_at_Caroline_Churchyard_in_Setauket%2C_New_York.jpg,155330
a029cb69aa32566d,https://upload.wikimedia.org/wikipedia/commons/5/59/Maersk_Lins_bow_2.JPG,30047
a07d84fb8cad266f,https://upload.wikimedia.org/wikipedia/commons/e/ed/Mai_Po_Wildlife_Education_Centre_interior_2016.jpg,200947
10a9ac9be1204dce,https://upload.wikimedia.org/wikipedia/commons/a/a0/Phoenix-Wrigley_Mansion-1929-12.JPG,75020
d63f481bcffe708f,https://upload.wikimedia.org/wikipedia/commons/6/66/%D0%92%D0%B8%D0%B4_%D0%BD%D0%B0_%D0%94%D0%B5%D1%82%D0%B8%D0%BD%D0%B5%D1%86_%D0%B8_%D0%9F%D0%B5%D1%88%D0%B5%D1%85%D0%BE%D0%B4%D0%BD%D1%8B%D0%B9_%D0%BC%D0%BE%D1%81%D1%82_%D1%81_%D0%92%D0%BE%D0%BB%D1%85%D0%BE%D0%B2%D0%B04.jpg,3690
906909da25f246f0,https://upload.wikimedia.org/wikipedia/commons/c/c0/Winogrady%2C_Pozna%C5%84%2C_Poland_-_panoramio_%2855%29.jpg,186599
aa64d4a966568cf6,https://upload.wikimedia.org/wikipedia/commons/c/c4/Maschinen-_und_Heimatmuseum_Eslohe-Sauerland_-_Flickr_-_Axel_Schwenke_%2812%29.jpg,139763
2a6c27afad9fe1de,https://upload.wikimedia.org/wikipedia/commons/2/29/20141108_Sterrebos_Groningen_NL.jpg,120838
37c014ebef668e1f,https://upload.wikimedia.org/wikipedia/commons/a/a3/Mining_museums_of_Pernik_34.jpg,119285
ef4c12d76a294118,https://upload.wikimedia.org/wikipedia/commons/2/2c/Hike_to_the_Overlook_-_Upper_Sioux_Agency_State_Park%2C_Minnesota_%2835401556032%29.jpg,136734
38c341306ed9d386,https://upload.wikimedia.org/wikipedia/commons/7/73/Zamek_w_Pieskowej_Skale_7.JPG,176342
2f441cf8436671c6,https://upload.wikimedia.org/wikipedia/commons/1/1e/Lago_Steffen_3.JPG,103362
e3ca23799d848043,https://upload.wikimedia.org/wikipedia/commons/3/3b/Kongobu-ji%2C_Shuden_%28Main_Hall%29_-1_%28November_2008%29_-_panoramio.jpg,151352
38f7a69b5ea86138,https://upload.wikimedia.org/wikipedia/commons/3/3c/Colonial_Williamsburg_%282464414556%29.jpg,156009
48f348a5b1fc0ae3,https://upload.wikimedia.org/wikipedia/commons/1/15/%C3%85seda_kyrka_025.JPG,24325
47cbf4c6214ea5c7,https://upload.wikimedia.org/wikipedia/commons/7/70/%D0%9F%D0%B0%D0%BC%D1%8F%D1%82%D0%BD%D0%B8%D0%BA_%D0%A1%D1%83%D0%B2%D0%BE%D1%80%D0%BE%D0%B2%D1%83_-_panoramio_%284%29.jpg,149806
d90aed69846a5483,https://upload.wikimedia.org/wikipedia/commons/5/53/Porin_ravirata_6.8.-11_-_20.jpg,144215
551bfb6af90c0875,https://upload.wikimedia.org/wikipedia/commons/3/3e/Skyscraper_%286272451138%29.jpg,65765
4aca7a33054b37d4,https://upload.wikimedia.org/wikipedia/commons/2/2a/F%C3%BCv%C3%A9szkert_pond.JPG,13772
b3dfa7e5b4cc328e,https://upload.wikimedia.org/wikipedia/commons/0/00/Marina-Beach.jpg,5468
4cbed76c8a992a6d,https://upload.wikimedia.org/wikipedia/commons/1/19/Bukovel_Haski.jpg,143225
9ebe0c8927315d35,https://upload.wikimedia.org/wikipedia/commons/e/e5/%D0%A1%D0%BA%D0%B5%D0%BB%D1%96_%D0%9C%D0%BE%D0%94%D0%A0%D1%83_-_23.JPG,35098
c3fe6e8809d83b19,https://upload.wikimedia.org/wikipedia/commons/1/15/Europa-Park_-_Atlantica_SuperSplash_%2810%29.JPG,27897
21dac144fbba6baa,https://upload.wikimedia.org/wikipedia/commons/f/f6/Dunrobin_Castle%2C_Sutherland_-_geograph.org.uk_-_1264054.jpg,64266
fbf254a5509f3cc7,https://upload.wikimedia.org/wikipedia/commons/1/15/Gravina_Island_from_Ketchikan%2C_Alaska.jpg,159403
52fd939c65280e53,https://upload.wikimedia.org/wikipedia/commons/2/23/Santana_Row_3_2016-12-30.jpg,129459
8e218c184a74445b,https://upload.wikimedia.org/wikipedia/commons/2/27/Lac_du_Grand_Maclu%2C_vu_c%C3%B4t%C3%A9_Sud.jpg,193979
04d035ab8e08f647,https://upload.wikimedia.org/wikipedia/commons/a/a4/Sepulcro_de_Mariano_Moreno.JPG,63529
d1921c7d557be608,https://upload.wikimedia.org/wikipedia/commons/9/9f/Gera_Schloss_Tinz_BA_2016-03_7169.jpg,199700
90caf49db6a9d0c5,https://upload.wikimedia.org/wikipedia/commons/a/a9/FvfUSTMuseum9618_21.JPG,31678
9b55bb22b57dd0f2,https://upload.wikimedia.org/wikipedia/commons/1/1d/Boal_Mansion_5.JPG,151307
1d788d69e0c1c76e,https://upload.wikimedia.org/wikipedia/commons/f/fc/Duemmereis.jpg,133482
0a412f5357e5da29,https://upload.wikimedia.org/wikipedia/commons/4/44/%D7%A0%D7%91%D7%99_%D7%9E%D7%95%D7%A1%D7%90_%D7%97%D7%AA%D7%95%D7%9A.JPG,154693
0b9057b28395a8bf,https://upload.wikimedia.org/wikipedia/commons/8/80/Higher_Mill_Museum_-_geograph.org.uk_-_1146711.jpg,96730
dd402c324427dc05,https://upload.wikimedia.org/wikipedia/commons/5/59/Coesfeld%2C_Gewerbegebiet_%22Am_Berkelbogen%22_und_DJK-Sportgel%C3%A4nde_--_2014_--_7649.jpg,43204
ec61dd5027a7c734,https://upload.wikimedia.org/wikipedia/commons/a/a1/Z%C3%BCrichhorn_2012-02-24_15-41-43_%28SX230%29.JPG,88451
836b3ddda902498f,http://upload.wikimedia.org/wikipedia/commons/4/4d/CentroNiemeyer72.jpg,34381
a380b46bc99c8ebd,https://upload.wikimedia.org/wikipedia/commons/9/95/%D7%94%D7%97%D7%A8%D7%9E%D7%95%D7%9F_%D7%94%D7%A0%D7%A6%D7%A4%D7%94_%D7%9E%D7%94%D7%A8_%D7%90%D7%93%D7%99%D7%A8.jpg,14862
8718212b95806921,https://upload.wikimedia.org/wikipedia/commons/5/5f/Alta_canyon.jpg,72245
342e7712ff2f89b9,http://upload.wikimedia.org/wikipedia/commons/9/92/Albert_Stotz%2C_Grab_auf_dem_Pragfriedhof.jpg,175527
b9d787351c088491,https://upload.wikimedia.org/wikipedia/commons/e/e1/Grwyne_Fawr_looking_upstream_-_geograph.org.uk_-_1715159.jpg,116510
ddedc778506efaa0,https://upload.wikimedia.org/wikipedia/commons/2/28/Phra_Borom_Maha_Ratchawang%2C_Phra_Nakhon%2C_Bangkok%2C_Thailand_-_panoramio_%2834%29.jpg,171303
54240ea945d2d589,https://upload.wikimedia.org/wikipedia/commons/6/63/Glass_bridge_Millennium_Place_3.JPG,128218
23c8a1a3f257c671,https://upload.wikimedia.org/wikipedia/commons/b/b9/Dortmund_-_PO-Phoenixseestra%C3%9Fe%2BPhoenix-See_%28Kulturinsel%29_02_ies.jpg,76343
71680b30a4123281,https://upload.wikimedia.org/wikipedia/commons/1/1f/Belarus-Vawkavysk-Church_of_Saint_Nicholas-22.jpg,9006
e90a49ead5b0960b,http://upload.wikimedia.org/wikipedia/commons/5/5a/Boswachterij_Dorst_P1050986.JPG,54144
9fa9176b65407094,https://upload.wikimedia.org/wikipedia/commons/1/14/Stadtbahnhaltestelle-universitaet-markt-16.jpg,157240
b221fbe1f3062a9f,https://upload.wikimedia.org/wikipedia/commons/4/40/Sebkha_de_sijoumi_43.jpg,191369
3804976faaade198,https://upload.wikimedia.org/wikipedia/commons/5/51/Columnar_jointing_in_dolerite_at_Cape_Raoul.jpg,105784
7cb758cc0b437fcb,https://upload.wikimedia.org/wikipedia/commons/f/f5/Varanasi%2C_Manikarnika_Ghat_%286291880051%29.jpg,39223
a1f819b5756dde8b,https://upload.wikimedia.org/wikipedia/commons/b/b5/PR_Brdatka_18.jpg,64057
53d2021428bce7e7,https://upload.wikimedia.org/wikipedia/commons/2/20/Tenby_Lifeboat_-_geograph.org.uk_-_1455822.jpg,37412
32ce35834bb90fcd,https://upload.wikimedia.org/wikipedia/commons/d/db/Niobrara_Valley_P7180313.jpg,94430
2b84a82d87e33da3,https://upload.wikimedia.org/wikipedia/commons/d/d9/Evangelische_Pfarrkirche_Ober-Widdersheim_Grabstein_01.JPG,36981
53526cca704dbc15,https://upload.wikimedia.org/wikipedia/commons/1/1d/Hoher_Vogelsberg_Schotten_SCI_555520798_Geranium_sylvaticum_det.png,107794
00f36d9d7b6f3c0f,http://upload.wikimedia.org/wikipedia/commons/d/d1/Courcelles-sur-Viosne_%2895%29%2C_%C3%A9glise_Saint-Lucien%2C_vue_depuis_le_nord-ouest.jpg,7191
4fd2baade99af491,https://upload.wikimedia.org/wikipedia/commons/c/c5/Sail2005Amsterdam-05.jpg,36834
bb1c584d4f2ab047,http://upload.wikimedia.org/wikipedia/commons/c/ce/Montguyon_castle5.JPG,90854
d8af10b22f6c8085,https://upload.wikimedia.org/wikipedia/commons/8/8c/%D0%9F%D0%BB%D0%BE%D1%89%D0%B0_%D0%97%D0%B1%D0%BE%D1%80%D1%96%D0%B2_%D1%82%D0%B0_%D0%BC%D1%96%D1%81%D1%82%D0%BE%D0%BA_%28%D0%B2%D0%BE%D1%81%D0%B5%D0%BD%D0%B8%29%21.JPG,45428
4061ab7f966f944e,https://upload.wikimedia.org/wikipedia/commons/4/40/Schouw_in_de_salon_-_Heenvliet_-_20105109_-_RCE.jpg,7739
68670c4e2d45d10a,https://upload.wikimedia.org/wikipedia/commons/9/99/Pid_Rebramy1.jpg,2957
43e662f13356cb67,https://upload.wikimedia.org/wikipedia/commons/8/84/Federation_Square_from_the_steps.jpg,84136
c45bab90a5924f6a,https://upload.wikimedia.org/wikipedia/commons/b/bc/Hieracium_scouleri_3369.JPG,189945
b4535596817b95bf,https://upload.wikimedia.org/wikipedia/commons/8/88/Bourges_-_palais_Jacques-C%C5%93ur%2C_int%C3%A9rieur_%2839%29.jpg,57601
3a081f487f7082d7,https://upload.wikimedia.org/wikipedia/commons/6/63/Project_vodopad.jpg,102977
791595b6869806fe,https://upload.wikimedia.org/wikipedia/commons/3/39/P1070265_%287669041900%29.jpg,163179
a7f594a5778d58c0,https://upload.wikimedia.org/wikipedia/commons/5/5e/Charleroi_-_monument_-_a_nos_martys_-_signature_Jules_Lagae.jpg,175532
a38fb6b779c00aba,https://upload.wikimedia.org/wikipedia/commons/8/82/Ponte_25_Abril_%2829762788847%29.jpg,17358
eeb67fff6f32239a,https://upload.wikimedia.org/wikipedia/commons/f/f0/Halytskyi_District%2C_Lviv%2C_Lviv_Oblast%2C_Ukraine_-_panoramio_%2831%29.jpg,177870
fea2ef1ec0189f39,https://upload.wikimedia.org/wikipedia/commons/b/bd/Biserica_Manastirii_Golia%2C_Iasi.JPG,37948
ec0b6f68ce91ebd0,https://upload.wikimedia.org/wikipedia/commons/6/66/Orange_-_Arc_de_triomphe_romain_16.JPG,37113
a7c1840d03de2ff4,https://upload.wikimedia.org/wikipedia/commons/a/ab/Schl%C3%BCsselau_Wappen_P4RM1709.jpg,131966
c8d5e2d8de264d18,https://upload.wikimedia.org/wikipedia/commons/5/53/Temple_at_Tambdi_Surla.jpg,164657
463f5bbb8b8ee723,https://upload.wikimedia.org/wikipedia/commons/2/24/Bolney_stained_glass_window.jpg,41385
ab9c2ec98a46b13f,https://upload.wikimedia.org/wikipedia/commons/9/9d/%D0%95%D0%BA%D0%B0%D1%82%D0%B5%D1%80%D0%B8%D0%BD%D0%B8%D0%BD%D1%81%D0%BA%D0%B8%D0%B9_%D0%BC%D0%BE%D0%BD%D0%B0%D1%81%D1%82%D1%8B%D1%80%D1%8C.jpg,173462
98e04d928c38f4d6,https://upload.wikimedia.org/wikipedia/commons/b/b4/Sebesv%C3%A1r_-_XIII._sz._v%C3%A9ge_-_panoramio_-_h_laca.jpg,3952
42521b1d023764c9,http://upload.wikimedia.org/wikipedia/commons/3/3e/Rutes_Hist%C3%B2riques_a_Horta-Guinard%C3%B3-can_mans_03.jpg,199280
6c380cbd06a0ff48,https://upload.wikimedia.org/wikipedia/commons/c/c1/9708jfConcepcion_Tarlac_Hall_Shrine_Nicolasfvf_27.JPG,202723
baccc1a2d827e3f0,https://upload.wikimedia.org/wikipedia/commons/1/18/Skulptur_Heinrich-von-Kleist-Park_%28Sch%C3%B6n%29_Rosseb%C3%A4ndiger%26Peter_Clodt_von_J%C3%BCrgensburg%261842_2.jpg,97941
276ddf448593dee2,https://upload.wikimedia.org/wikipedia/commons/6/6b/Poltava_Slavy_DSC_2388_53-101-0501.JPG,177071
5bede8c0058b7dd4,https://upload.wikimedia.org/wikipedia/commons/4/4c/25057-Weida-1929-Eingang_zum_Schlo%C3%9F_Osterburg-Br%C3%BCck_%26_Sohn_Kunstverlag.jpg,83938
29dbff6c40827cac,https://upload.wikimedia.org/wikipedia/commons/a/ac/Belvedere_DBK_37.JPG,20369
4a23eb0cc3485cef,https://upload.wikimedia.org/wikipedia/commons/7/7b/2179FenisCastello.jpg,152966
1e88b4c55c9cbcad,https://upload.wikimedia.org/wikipedia/commons/7/7d/Z%C3%A1mek_Ka%C4%8Dina_z_parku.jpg,157122
363903cef5dcb094,https://upload.wikimedia.org/wikipedia/commons/5/59/Ujung_Water_Palace_-_Main_Building.JPG,114684
244be7f54d6d6077,https://upload.wikimedia.org/wikipedia/commons/5/50/Vista_lateral_del_minarete.jpg,47761
7de57ef8ad1e5691,https://upload.wikimedia.org/wikipedia/commons/8/86/Korea-Chuncheon-Cheongpeongsa-01.jpg,187682
4df1176ce4d1c57e,https://upload.wikimedia.org/wikipedia/commons/f/f5/Starr-120606-9540-Costus_sp-flowering_habit_woodsonii_perhaps-Kahanu_Gardens_Hana-Maui_%2824849394830%29.jpg,184313
b470debbfdeb8d3f,https://upload.wikimedia.org/wikipedia/commons/3/3d/Kyoto_Tempel_Tofuku-ji_06.jpg,22856
903bd3999cfec637,http://upload.wikimedia.org/wikipedia/commons/c/c6/Far_des_Cap_Salines_01.jpg,29999
9fed03ca76bf22a7,https://upload.wikimedia.org/wikipedia/commons/d/d0/O2_concierge.jpg,144963
847fbd497ab1a344,http://upload.wikimedia.org/wikipedia/commons/7/75/Jingzhou_Museum_stairs.jpg,141653
d326537ee1cb37fa,https://upload.wikimedia.org/wikipedia/commons/a/a8/Spas_na_Ugre_-_view_%28summer_2011%29_02_by_shakko.jpg,22125
f11212d8f785e58d,https://upload.wikimedia.org/wikipedia/commons/2/2e/2012_kveten_botanicka_zahrada_088.jpg,31338
2a5a5327a29cecf0,https://upload.wikimedia.org/wikipedia/commons/3/32/Socha_s_kostelem_v_Kr%C3%A1sn%C3%A9m_Lese_%28Petrovice%29.jpg,132832
38b81286406e4966,https://upload.wikimedia.org/wikipedia/commons/9/98/Monticello_front_view.JPG,29135
6a9c4c5048ff029f,http://upload.wikimedia.org/wikipedia/commons/b/bd/St._Peter_und_Paul_%28G%C3%BCnz%29_39.JPG,104676
9505cacf52c9a549,https://upload.wikimedia.org/wikipedia/commons/f/f4/Stile_for_Loggerheads_-_geograph.org.uk_-_319544.jpg,95621
2fb08fc1001488b1,http://upload.wikimedia.org/wikipedia/commons/f/fd/Tawangmangu_2009_Bennylin_078.jpg,18738
e03272bac9543f23,https://upload.wikimedia.org/wikipedia/commons/a/ab/Soap_Lake_%282003-03-09%29_03.jpg,75085
953133462cbdf814,https://upload.wikimedia.org/wikipedia/commons/c/c5/Balanced_Rock%2C_Arches_NP%2C_Utah_8-25-12_%287993185244%29.jpg,99515
ecf3345c9a0e1f7e,https://upload.wikimedia.org/wikipedia/commons/a/af/Theatre-nuit.jpg,42279
869de8bd9976156a,https://upload.wikimedia.org/wikipedia/commons/6/6a/2016_Fairmont_Montecarlo_seen_from_the_casino.jpg,186506
aa36cffc914f9946,http://upload.wikimedia.org/wikipedia/commons/6/63/Church-%C5%A0t%C4%9Bp%C3%A1n-Prague6.jpg,37
71adeacdc2cf7ff9,https://upload.wikimedia.org/wikipedia/commons/6/6e/RO%2C_IS_%2C_Iasi%2C_Armenian_Church2.JPG,120749
f492d0e7da8c9ef5,https://upload.wikimedia.org/wikipedia/commons/c/c9/%C2%AE_TOLEDO_PUENTE_SAN_MARTIN_RONDA_DE_MURALLA_-_panoramio_%2812%29.jpg,132614
2ff77101801af521,https://upload.wikimedia.org/wikipedia/commons/b/ba/Michinoeki_Washinosato_Higashichichibu_house.jpg,152897
195d2c51c0c2cc59,https://upload.wikimedia.org/wikipedia/commons/f/f8/Maison_Parthenais-Perrault_II_-_05.JPG,168293
6612b164e2ef3632,https://upload.wikimedia.org/wikipedia/commons/9/91/H_Potrero_shelter_in_Fort_Mason%2C_July_2018.jpg,25956
8dde606695eb9e4c,https://upload.wikimedia.org/wikipedia/commons/0/0e/Gan_HaMoshava_25.JPG,184367
487b4f10872fc1cd,https://upload.wikimedia.org/wikipedia/commons/c/c2/%D4%B5%D5%AF%D5%A5%D5%B2%D5%A5%D6%81%D5%A1%D5%AF%D5%A1%D5%B6_%D5%B0%D5%A1%D5%B4%D5%A1%D5%AC%D5%AB%D6%80_%C2%AB%D5%84%D5%A1%D5%B5%D6%80_%D4%B1%D5%A9%D5%B8%D5%BC_%D5%8D%D5%A2._%D4%B7%D5%BB%D5%B4%D5%AB%D5%A1%D5%AE%D5%AB%D5%B6%C2%BB.JPG,150397
1a15be1727bafdb9,https://upload.wikimedia.org/wikipedia/commons/c/cd/Stone_Bridge_and_Sinan_Pasha_mosque%2C_Prizren.jpg,85646
4a5679d4db5407a0,http://upload.wikimedia.org/wikipedia/commons/4/49/Old_silesian_chapel_-_Kalinow_%282%29.jpg,146072
8e940043eaba380b,https://upload.wikimedia.org/wikipedia/commons/a/ae/Stockholm%2C_Riddarholmskyrkan_-_KMB_-_16001000545938.jpg,182387
51a4909c390243ec,https://upload.wikimedia.org/wikipedia/commons/3/39/%D0%9B%D0%B5%D0%B2_%D0%B0%D1%82%D0%B0%D0%BA%D1%83%D1%8E%D1%87%D0%B8%D0%B9.jpg,11544
6e3104fda31df20c,https://upload.wikimedia.org/wikipedia/commons/2/2a/Quito-IMG_8708.JPG,147122
89dddcec4e2f15eb,https://upload.wikimedia.org/wikipedia/commons/e/ec/KASTEEL_DE_HAAR_%2892%29_%288190566591%29.jpg,60894
b2f2fcf86823db60,https://upload.wikimedia.org/wikipedia/commons/2/2a/KazerneDossin_MD_19.jpg,53986
ec86ad17620a0403,https://upload.wikimedia.org/wikipedia/commons/8/8d/Outback_Trip_-_Kings_Canyon_3_%284133006450%29.jpg,134534
e4dca2f03d0af37b,https://upload.wikimedia.org/wikipedia/commons/b/b2/Carioca_Aqueduct.jpg,1607
04fc46f71657324d,https://upload.wikimedia.org/wikipedia/commons/6/67/Gommaren_sjo.jpg,113500
e7a40a98f3837425,https://upload.wikimedia.org/wikipedia/commons/9/9d/Kl%C3%A1%C5%A1ter_Doksany%2C_Doksany%2C_okres_Litom%C4%9B%C5%99ice_02.JPG,152449
92d7173e866d56fd,https://upload.wikimedia.org/wikipedia/commons/c/c1/Shore_Ice%2C_Canal_Park%2C_Duluth_%2832909780146%29.jpg,8149
a571b1203abdcceb,http://upload.wikimedia.org/wikipedia/commons/e/e4/L%C3%BCdenscheid-Erl%C3%B6serkirche-01.jpg,55024
886b3791fc984148,http://upload.wikimedia.org/wikipedia/commons/b/bd/Chapel_of_Saint_George.jpg,191900
88a67ff96183c40f,http://upload.wikimedia.org/wikipedia/commons/f/fa/MarbleColl.JPG,103329
cf2ec7b90bef12c8,http://upload.wikimedia.org/wikipedia/commons/f/fa/Chickasaw_State_Park_Chester_County_TN_001.jpg,116653
1295e978b55868ce,https://upload.wikimedia.org/wikipedia/commons/0/02/Ham_Common_-_geograph.org.uk_-_544122.jpg,20780
c552c0cb36dbce00,https://upload.wikimedia.org/wikipedia/commons/8/81/Zum_Guten_Hirten_%28Berlin-Friedrichsfelde%29.jpg,98940
bb5abf1fe2ffe41b,https://upload.wikimedia.org/wikipedia/commons/f/f1/Stokestay_Castle_-_panoramio.jpg,111774
ca8767b0d7bdcb02,https://upload.wikimedia.org/wikipedia/commons/e/e0/Gand%2C_piazza_01.JPG,61663
4ac5e7daefcc83e6,https://upload.wikimedia.org/wikipedia/commons/0/04/WOLA_CIEKLI%C5%83SKA_cmentarz_11_%2815%29.JPG,62531
ec1b0727f6eb8daa,https://upload.wikimedia.org/wikipedia/commons/2/2c/Ventspils_15.jpg,9366
d915e936ebafcb0f,https://upload.wikimedia.org/wikipedia/commons/2/25/Command-Aire_3C3_%E2%80%98NC136E%E2%80%99_%2825847937951%29.jpg,61786
b941ef1649c79a75,http://upload.wikimedia.org/wikipedia/commons/b/b8/Basilica_of_Taal-front.JPG,61505
f6f02437ccd157c3,https://upload.wikimedia.org/wikipedia/commons/3/30/Wyoming_-_Yellowstone_National_Park_-_May_1976_%288207910130%29.jpg,24852
0f5b35c9a16629d7,https://upload.wikimedia.org/wikipedia/commons/5/5d/Woman_in_Banyan_Tree_Park_3.jpg,171895
8915874ba7c31598,https://upload.wikimedia.org/wikipedia/commons/d/d2/Eglise_ND_de_Malloue_-_20150616_%2815%29.JPG,118547
2bcc3886dd693a62,https://upload.wikimedia.org/wikipedia/commons/6/62/Castello_di_CLY_Ruderi_2.jpg,106137
032c7bb0ec808c2b,https://upload.wikimedia.org/wikipedia/commons/9/9d/Ch%C3%A2teau_%28GRIGNAN%2CFR26%29_%285273798685%29.jpg,132911
5d8a6155ae417a5d,https://upload.wikimedia.org/wikipedia/commons/f/f1/MGR%C5%BB_10.JPG,92993
aedc1437a2167e85,https://upload.wikimedia.org/wikipedia/commons/5/5d/Boquillas_Crossing_Trail_1.JPG,59877
97d5a978e4400eb1,https://upload.wikimedia.org/wikipedia/commons/8/81/%D0%92%D0%B8%D0%B4_%D0%BD%D0%B0_%D0%94%D0%BC%D0%B8%D1%82%D1%80%D0%BE%D0%B2%D1%81%D0%BA%D0%B8%D0%B9_%D1%81%D0%BE%D0%B1%D0%BE%D1%80.JPG,138176
24b7d34aec3e67bb,https://upload.wikimedia.org/wikipedia/commons/5/55/S_Chiara_-_organo_P1080690.JPG,107530
f84a155b36de4af2,http://upload.wikimedia.org/wikipedia/commons/8/89/Sc%C3%A8ne_de_Mariage_-_%281680-1683%29_-_MR_2939_-_Jean_Rousselet_-_%281656-1693%29_-_Jardin_du_Roi_-_Versailles_-_P1620032.jpg,96466
7c3684f49cafaca5,http://upload.wikimedia.org/wikipedia/commons/4/49/Cairo%2C_Gizeh%2C_Pyramid_of_Kephren%2C_Egypt%2C_Oct_2004.jpg,56733
2d79c2e3ac74c735,https://upload.wikimedia.org/wikipedia/commons/4/47/Verzameling_van_het_Prov.Hist.Gen._gouden_fibula_van_Constantijn_den_Groote_-_Utrecht_-_20235162_-_RCE.jpg,82145
72b056bfa9677c55,https://upload.wikimedia.org/wikipedia/commons/a/a0/Schwanheimer_Duene_IMG_1361.jpg,105380
6f21741bbd68cd75,https://upload.wikimedia.org/wikipedia/commons/f/fa/Hek_van_Huis_Verwolde_-_Verwolde_-_20241651_-_RCE.jpg,197018
4a4c47529b843810,https://upload.wikimedia.org/wikipedia/commons/a/a2/Mem_pamal_son_libre.jpg,52102
7ae2119fdeba5e93,https://upload.wikimedia.org/wikipedia/commons/d/d8/Chignecto_acantilado.JPG,155054
68a6b950460fd375,http://upload.wikimedia.org/wikipedia/commons/f/f1/Zicht_op_de_Overwaard_Molens_No._3%2C_4_en_5%2C_rechts_De_Blokker_of_de_Blokweerse_Molen%2C_gezien_vanuit_de_kap_van_de_Overwaard_Molen_No.2_-_Kinderdijk_-_20371875_-_RCE.jpg,41037
8cf43e104ba3d0f5,https://upload.wikimedia.org/wikipedia/commons/b/bf/The_Cenacle%2C_Last_Supper_Room_-_Mount_Zion%2C_Jerusalem_33.jpg,8016
587aebcfe4546661,https://upload.wikimedia.org/wikipedia/commons/e/e6/Westportal_St._Cyriakus_Duderstadt.jpg,8605
0724525464a7882e,https://upload.wikimedia.org/wikipedia/commons/3/3d/Shah_Faisal_Mosque_Islamabad.jpg,190822
b1264dcc1fd6e7a0,https://upload.wikimedia.org/wikipedia/commons/a/a1/Genova-Liguria-Italy_-_Creative_Commons_by_gnuckx_%283619723513%29.jpg,19900
ff62fb43d034e097,https://upload.wikimedia.org/wikipedia/commons/9/9a/St_Katharine_Cree%2C_Leadenhall_Street%2C_London_EC3_-_geograph.org.uk_-_1078636.jpg,130406
9affe9e8fc9abddd,https://upload.wikimedia.org/wikipedia/commons/f/fd/Gustav_Adolfs_kyrka_93.jpg,66264
ba76083130a56f6a,https://upload.wikimedia.org/wikipedia/commons/c/cf/Komainu_Minatogawa-Jinja-Massha-Kikusui-Tenman-Jinja2.JPG,56716
17307e0a00f23b43,https://upload.wikimedia.org/wikipedia/commons/a/a6/Puerto_Varas_-Iglesia_del_Sagrado_Corazon_f02.jpg,162001
9effc1ec1845c89b,https://upload.wikimedia.org/wikipedia/commons/e/ef/PALAU_PIGNATELLI_%28REIAL_CERCLE_ART%C3%8DSTIC%29_-_CAVE_CANEM_30122015_%289%29.JPG,170335
502d3dfd997caba0,http://upload.wikimedia.org/wikipedia/commons/1/1f/SM-1_RB5.jpg,119052
5221b47c1868064c,https://upload.wikimedia.org/wikipedia/commons/9/9b/MAERSK_TRACER_%2C_MAERSK_TRANSPORTER_%2CCASTORO_SEI_%2C_SMIT_ELBE_%26_SMIT_CHEETAH_%2813933278563%29.jpg,194914
eb4e0d71616199fc,https://upload.wikimedia.org/wikipedia/commons/4/41/AMEA_M%C9%99rk%C9%99zi_Elmi_Kitabxana_-_VikiG%C3%B6r%C3%BC%C5%9F.jpg,53609
5b20c5aa9edb319e,https://upload.wikimedia.org/wikipedia/commons/a/a3/Star_Wars_Celebration_V_-_Jedi_Training_Academy_%284941009008%29.jpg,88146
87eca8e4babd5858,https://upload.wikimedia.org/wikipedia/commons/e/e2/MONSTRANCIA_02.jpg,139543
2f70e266a5b523be,https://upload.wikimedia.org/wikipedia/commons/7/70/Rimpfischhorn_%2822093233883%29.jpg,87936
f4d530572cd03f08,https://upload.wikimedia.org/wikipedia/commons/5/5d/Roslags-Kulla_kyrka_-_KMB_-_16000300038468.jpg,163120
58567312f1e1851f,https://upload.wikimedia.org/wikipedia/commons/c/ca/Chester_city_walls.jpg,134210
b72858d91ded24e5,https://upload.wikimedia.org/wikipedia/commons/3/32/Milton_Mill_sluice_on_the_River_Ayr%2C_South_Ayrshire_-_view_towards_Stair.jpg,130022
4d33583efa6564b7,https://upload.wikimedia.org/wikipedia/commons/4/44/L_Rodrigo_de_Freitas.JPG,66271
57fb75eba4fec733,https://upload.wikimedia.org/wikipedia/commons/6/6e/NSG_Bodenseeufer_Iris_sibirica_DSC_0599.JPG,62474
10f2e5e101e52196,https://upload.wikimedia.org/wikipedia/commons/d/d6/Will_Rogers_Memorial_Center_June_2016_14_%28Will_Rogers_Equestrian_Center%29.jpg,62071
1c6519eac5a93f88,https://upload.wikimedia.org/wikipedia/commons/f/f6/Jyv%C3%A4skyl%C3%A4_-_monument.jpg,881
4a3a8473ab6dc106,https://upload.wikimedia.org/wikipedia/commons/a/a9/%D0%9F%D1%83%D1%82%D0%B5%D0%B2%D0%BE%D0%B9_%D0%B7%D0%BD%D0%B0%D0%BA_%D0%BD%D0%B0_%D0%BF%D0%B5%D1%89%D0%B5%D1%80%D1%83_%D0%9A%D1%8B%D0%B7%D1%8B%D0%BB-%D0%9A%D0%BE%D0%B1%D0%B0%2C_%D0%9F%D0%B5%D1%80%D0%B5%D0%B2%D0%B0%D0%BB%D1%8C%D0%BD%D0%BE%D0%B5%2C_%D0%9A%D1%80%D1%8B%D0%BC.jpg,70111
3380a94f6050abfc,https://upload.wikimedia.org/wikipedia/commons/e/e0/2014_Texas_Tech_homecoming_IMG_3612_%2815400340418%29.jpg,190144
b83243bcbeb3e6fb,https://upload.wikimedia.org/wikipedia/commons/f/f1/Burnside_Bridge_east_tower.jpg,160535
dde000d083486ef3,https://upload.wikimedia.org/wikipedia/commons/f/fe/Hyde_Park_FJWalker_fountain_2.jpg,73698
5ae824c6d3bc1779,http://upload.wikimedia.org/wikipedia/commons/1/17/Chuderh%C3%BCsiturm_N.JPG,28112
87db6ee08024ef4d,https://upload.wikimedia.org/wikipedia/commons/2/2b/Carmena_-_%E2%80%9CEl_mejor_homenaje_es_seguir_caminando_para_acabar_con_la_violencia%E2%80%9D_09.jpg,81827
e876ccb9b96524c3,https://upload.wikimedia.org/wikipedia/commons/c/c7/%E6%A0%97%E6%9E%97%E5%85%AC%E5%9C%92_-_panoramio.jpg,26849
ed5d4215f8a391c8,https://upload.wikimedia.org/wikipedia/commons/b/b4/%D0%A6%D0%B5%D1%80%D0%BA%D0%BE%D0%B2%D1%8C_%D0%9A%D1%80%D0%B5%D1%81%D1%82%D0%BE%D0%B2%D0%BE%D0%B7%D0%B4%D0%B2%D0%B8%D0%B6%D0%B5%D0%BD%D0%B8%D1%8F_%D0%B2_%D0%9F%D0%B0%D0%BB%D0%B5%D1%85%D0%B5.jpg,23115
f478664e22d5c495,https://upload.wikimedia.org/wikipedia/commons/4/4f/M%C4%83n%C4%83stirea_Bro%C5%9Fteni1.jpg,158088
c11ad76e6585ff2a,https://upload.wikimedia.org/wikipedia/commons/8/8d/Potion_Corner_%2822518740006%29.jpg,14094
da7c8298a8645712,https://upload.wikimedia.org/wikipedia/commons/9/95/Callejeando_por_C%C3%A1diz_%2836959953912%29.jpg,168823
a50a0b85abf21fcb,https://upload.wikimedia.org/wikipedia/commons/9/98/Leuchtturm_am_Gro%C3%9Fteich_Moritzburg_12.JPG,149590
cbe2b7bd62af940f,https://upload.wikimedia.org/wikipedia/commons/2/26/Groenmarkt_vleugel_-_Dordrecht_-_20060515_-_RCE.jpg,150596
aa6992e2ff835019,https://upload.wikimedia.org/wikipedia/commons/f/f3/Nechung%2C_Tibet.JPG,81944
2b5a7aab4bb5b984,https://upload.wikimedia.org/wikipedia/commons/5/5b/Koganejinja.JPG,104898
0ecabaf0211d0aa9,https://upload.wikimedia.org/wikipedia/commons/2/2c/Dunas_de_Corralejo%2C_El_festival_internacional_de_cometas_de_Fuerteventura_2015.jpg,154053
7f002846cad93e35,http://upload.wikimedia.org/wikipedia/commons/9/98/Stralsund_Rathaus-Innenhof.jpg,74052
f195f86e71fa0deb,https://upload.wikimedia.org/wikipedia/commons/c/c5/T%C3%A4by_kyrka_-_KMB_-_16000300015907.jpg,162141
8d1ec6ae107e7db1,https://upload.wikimedia.org/wikipedia/commons/d/d3/Cala_Morell_necropolis_capades_de_moro.jpg,202898
19648145fb6d6dbd,https://upload.wikimedia.org/wikipedia/commons/1/10/St._Wilfreds_church%2C_Haywards_Heath_%28geograph_2456128%29.jpg,47246
99e7da150b4139a7,https://upload.wikimedia.org/wikipedia/commons/e/e4/EREMO_DI_S.COLOMBANO_-_panoramio_%282%29.jpg,181771
43a14b69b41e1e6d,https://upload.wikimedia.org/wikipedia/commons/6/64/Le_centre_de_Meschers_-_panoramio.jpg,52828
99182d9a45a59ac7,https://upload.wikimedia.org/wikipedia/commons/4/48/Goshavank_0001_43.jpg,142147
74d62c1d73a1ed42,https://upload.wikimedia.org/wikipedia/commons/e/e0/Bach_dinh%2C_duong_Tran_phu%2C_tp_Vung_tau%2C_Vietnam_-_panoramio.jpg,119243
a6b5e903a9cc964e,https://upload.wikimedia.org/wikipedia/commons/1/1d/Calvados_Falaise_Chateau_Guillaume_Le_Conquerant_Basse-Cour_Animations_23042016_-_panoramio_%281%29.jpg,177268
ba067e63f0a50c2e,https://upload.wikimedia.org/wikipedia/commons/9/94/Phaeton_1698.JPG,196859
571b3c070e977dc7,https://upload.wikimedia.org/wikipedia/commons/6/62/%D0%92%D0%BE%D1%81%D0%BA%D1%80%D0%B5%D1%81%D0%B5%D0%BD%D1%81%D1%8C%D0%BA%D0%B0%D1%86%D0%B5%D1%80%D0%BA%D0%B24.JPG,134456
e53e421bd115bfe1,https://upload.wikimedia.org/wikipedia/commons/5/50/Puicheric_%C3%89glise_et_chateau_AL29.jpg,84439
e60efa40ee655a53,https://upload.wikimedia.org/wikipedia/commons/7/77/Vogelschutzgebiet_Garstadt_5190754-Pano.jpg,9330
9d319c69bf920b3a,https://upload.wikimedia.org/wikipedia/commons/1/1f/D6535_propels_the_4BIG_set_through_Kinchley_Lane.jpg,95885
077511ebe7482d21,https://upload.wikimedia.org/wikipedia/commons/6/61/Budapest_metro_museum_19.jpg,43145
c7f4ab6f6e21fd8d,https://upload.wikimedia.org/wikipedia/commons/4/4b/Ste_Jalle_-_%C3%A9glise_12.jpg,197000
9a631d72671dcb1f,https://upload.wikimedia.org/wikipedia/commons/6/60/%E6%99%AE%E9%99%80%E5%B1%B1%E7%9F%B3%E7%8B%AE%E5%AD%90.jpg,83688
8c3fccfe98869024,https://upload.wikimedia.org/wikipedia/commons/1/1b/Poh%C4%BEad_z_mosta_na_stred_dediny.JPG,112151
563df91db0be91b7,https://upload.wikimedia.org/wikipedia/commons/0/0e/A_B%C3%A1tori-barlang_als%C3%B3_%28mesters%C3%A9ges%29_bej%C3%A1rata_2010._szept._25..JPG,45615
ad14729dde733799,http://upload.wikimedia.org/wikipedia/commons/c/c4/Prop_de_Can_Saur%C3%B3_P1240656.jpg,135432
da517929e24b68c3,https://upload.wikimedia.org/wikipedia/commons/b/ba/Berlin_-_Friedhof_der_Russisch-Orthodoxen_Gemeinde_Berlin-Tegel_-_Michail_Ossipowitsch_Eisenstein_01.jpg,10928
25099c98bf03fa8b,https://upload.wikimedia.org/wikipedia/commons/2/2d/Skulpturenmuseum_am_Hofberg.JPG,108407
8669d8f78ae74f06,https://upload.wikimedia.org/wikipedia/commons/8/85/Laika_ac_3_Revolutions_Exhibition_%287953980170%29.jpg,5497
842b6ae2696677eb,https://upload.wikimedia.org/wikipedia/commons/9/9c/Suzdal_Pokrovsky_Monastery_IMG_0467_1725.jpg,109578
996f6cbad00be707,https://upload.wikimedia.org/wikipedia/commons/c/cd/Melogno_fraz_calizzano.png,59310
e2122a8c24b39351,https://upload.wikimedia.org/wikipedia/commons/b/b3/Interi%C3%B8r_skolen_Eiktunet.jpeg,43699
a2fd16dd62597312,https://upload.wikimedia.org/wikipedia/commons/8/86/Cape_Canaveral_National_Seashore_-_late_afternoon_%28paddleboarding%29.jpg,159926
e32734c2cf83034f,https://upload.wikimedia.org/wikipedia/commons/9/9c/Free_day_at_Sala_S%C3%A3o_Paulo_02.jpg,169872
d91df8fe9180ff1b,https://upload.wikimedia.org/wikipedia/commons/3/3d/Parasite140080-fig3_Gastrointestinal_parasites_in_seven_primates_of_the_Ta%C3%AF_National_Park_-_Helminths_Figure_3m.jpg,81951
354cfd9d2c53b5ca,https://upload.wikimedia.org/wikipedia/commons/e/ef/The_Interior_of_the_Bolnisi_Sioni_Basilica_%28I%29_%285964751441%29.jpg,60580
a35546e0c472719a,https://upload.wikimedia.org/wikipedia/commons/f/f0/Cz%C4%99stochowa_-_katedra_%C5%9Bwi%C4%99tej_rodziny.jpg,42710
afb2d2a839f0c520,https://upload.wikimedia.org/wikipedia/commons/1/1c/%282009.06.14%29_-_panoramio.jpg,31933
f2d01489c5e9825f,https://upload.wikimedia.org/wikipedia/commons/d/d9/Valley_of_sa_Calobra_on_the_road_to_Torrent_de_Parlos_-_panoramio.jpg,31546
8a84c69be8b1daef,https://upload.wikimedia.org/wikipedia/commons/3/3a/Hinku_-021_%282109928437%29.jpg,101438
eddad926eef294a1,https://upload.wikimedia.org/wikipedia/commons/a/a5/8244viki_Wierzbna_-_zesp%C3%B3%C5%82_pocysterski_z_pa%C5%82acem._Foto_Barbara_Maliszewska.jpg,108470
0c948a7b36b0feb6,http://upload.wikimedia.org/wikipedia/commons/6/6f/Eschweiler_Antoniuskirche_rechte_T%C3%BCr.jpg,168484
d6f611acc3bbceb3,https://upload.wikimedia.org/wikipedia/commons/3/3c/Snow_in_Lake_Tekapo_%284695380411%29.jpg,38984
e41fcc4bfa4a1839,https://upload.wikimedia.org/wikipedia/commons/5/5b/%E4%B8%9C%E5%85%B3%E6%B8%85%E7%9C%9F%E5%A4%A7%E5%AF%BA%E6%8B%B1%E9%97%A803.jpg,195552
084064bbe99d4de7,http://upload.wikimedia.org/wikipedia/commons/d/dd/Pressekonferenz_zu_den_arch%C3%A4ologischen_Grabungen_am_Rheinboulevard_K%C3%B6ln-Deutz-5057.jpg,39926
731bdf0e07e6101f,https://upload.wikimedia.org/wikipedia/commons/f/f3/2008-07-20_M%C3%A4nnlichen_-_11.jpg,150743
c911d418bbe8c832,https://upload.wikimedia.org/wikipedia/commons/2/26/Del_Amo_Fashion_Center_Carson_Street_sign.jpg,138630
2e5c3918084073e4,https://upload.wikimedia.org/wikipedia/commons/9/9d/Silja_Serenade_11.06.2014_Helsinki._Kommandobr%C3%BCcke.JPG,143574
332ffbe87b5d8c9a,http://upload.wikimedia.org/wikipedia/commons/c/c5/Vil%C2%B7la_Joana_i_Can_Saur%C3%B3_P1250753.jpg,135432
5d38a87afee4d2c7,https://upload.wikimedia.org/wikipedia/commons/4/44/2011-06-15_Scutellinia_scutellata_%28L.%29_Lambotte_151514.jpg,20823
939221755dae98d5,http://upload.wikimedia.org/wikipedia/commons/0/09/Kapmoeten_op_toren_-_Oudewater_-_20179661_-_RCE.jpg,66181
21d5a3a4705fc409,https://upload.wikimedia.org/wikipedia/commons/d/da/2H8A1237_%288436673652%29.jpg,100614
d095930249f62e51,https://upload.wikimedia.org/wikipedia/commons/6/6a/Baden_Baden_-_panoramio_%2835%29.jpg,79499
38e5e1d5abf27a13,https://upload.wikimedia.org/wikipedia/commons/8/8e/2018_18_USA_Race.png,170597
c60886e818b133e0,https://upload.wikimedia.org/wikipedia/commons/5/5b/BRASILIA_DF_-_panoramio_%2813%29.jpg,92893
fcb577585c983555,https://upload.wikimedia.org/wikipedia/commons/3/35/PP_%C3%9Adol%C3%AD_Oh%C5%99e_%2813%29.jpg,94463
91b6deb7dfe818e6,https://upload.wikimedia.org/wikipedia/commons/8/81/Baltavots_-_White_spring.jpg,19050
13b69b868e7e028e,http://upload.wikimedia.org/wikipedia/commons/5/5b/Wurmsbach_Christus.jpg,58165
e15ba682a4d5ad45,https://upload.wikimedia.org/wikipedia/commons/1/13/Double_Cove_I_have_been_dreaming_to_be_a_tree_2014.jpg,21600
a12628745f50c119,http://upload.wikimedia.org/wikipedia/commons/1/10/Glenveagh%2C_County_Donegal%2C_September_1987_%2804%29.jpg,71957
10232ea72057b451,https://upload.wikimedia.org/wikipedia/commons/5/54/Springvale_Road%2C_Crookes_-_geograph.org.uk_-_1197979.jpg,129272
d19d8cc4cea888be,https://upload.wikimedia.org/wikipedia/commons/3/39/Paris_2012_-_panoramio_%2833%29.jpg,23572
e25801e5eff871fc,https://upload.wikimedia.org/wikipedia/commons/4/46/Izborsk%2C_Pskov_Oblast%2C_Russia%2C_181518_-_panoramio_%2822%29.jpg,28278
52b72510495a57bc,https://upload.wikimedia.org/wikipedia/commons/d/d4/Murrayfield%2C_from_Easter_Craiglockhart_Hill_-_geograph.org.uk_-_1220452.jpg,90887
6a160256137cc7d9,https://upload.wikimedia.org/wikipedia/commons/3/35/Brno%2C_%C4%8Cernovick%C3%BD_h%C3%A1jek_%285%29.JPG,135838
ac2f90f7da4cdc4f,https://upload.wikimedia.org/wikipedia/commons/a/a4/ColoradoHouseOldTownSanDiego.jpg,158485
0ac141d0908cf52f,https://upload.wikimedia.org/wikipedia/commons/a/ad/Tipu_Sultan_Mosque_-_Esplanade_-_Kolkata_2011-12-18_0036.JPG,103835
267137ab7c1cf242,https://upload.wikimedia.org/wikipedia/commons/e/e8/Amphitheater_looking_up%2C_General_Coffee_State_Park.jpg,155399
da7031d843fdb403,https://upload.wikimedia.org/wikipedia/commons/2/20/Xudav%C9%99ng_kils%C9%99sinin_kitab%C9%99si.jpg,145110
747634e35bd713fa,https://upload.wikimedia.org/wikipedia/commons/e/e5/Amwell_Quarry_2.JPG,135918
a21bf6486863b0e3,http://upload.wikimedia.org/wikipedia/commons/c/c2/HPIM3797.JPG,70385
3d4599334be00927,https://upload.wikimedia.org/wikipedia/commons/7/7b/Dolmen_du_Roh-Du_5271.JPG,12956
b357a5fd1164564e,https://upload.wikimedia.org/wikipedia/commons/2/25/Compton_Pools%2C_Compton_Verney_House_-_geograph.org.uk_-_1654916.jpg,184382
80e38df3c726c136,https://upload.wikimedia.org/wikipedia/commons/d/d0/Kostel_sv._Prokopa_%28%C5%BDi%C5%BEkov%29_%283%29.jpg,47667
33d71d31013fb153,https://upload.wikimedia.org/wikipedia/commons/5/5f/Wandbespanning_boven_lambrisering_-_Bergen_op_Zoom_-_20032220_-_RCE.jpg,176956
327431e7aca930dc,https://upload.wikimedia.org/wikipedia/commons/5/51/Freesenort3.jpg,191260
c562f6c4199522ee,https://upload.wikimedia.org/wikipedia/commons/6/64/Zapis-1000-Bacevac-Stevanovica-hrast-1800_20161029_8209.jpg,24048
9c6dc028cac47526,https://upload.wikimedia.org/wikipedia/commons/2/2b/Highway_180_between_Wolfpen_Gap_and_Highway_129_%2810858201603%29.jpg,173450
5fa6944ff23c5ed7,https://upload.wikimedia.org/wikipedia/commons/e/ea/Zesp%C3%B3%C5%82_Wyspy_M%C5%82y%C5%84skiej_%288%29.JPG,19130
54f52654c341c6e3,https://upload.wikimedia.org/wikipedia/commons/3/3d/%D0%A6%D0%B5%D1%80%D0%BA%D0%B2%D0%B0_%D0%84%D0%B2%D0%B0%D0%BD%D0%B3%D0%B5%D0%BB%D1%8C%D1%81%D1%8C%D0%BA%D0%B8%D1%85_%D0%A5%D1%80%D0%B8%D1%81%D1%82%D0%B8%D1%8F%D0%BD_-_%D0%94%D1%96%D0%BC_%D0%91%D0%BE%D0%B6%D0%B8%D0%B9_%28%D0%B1%D1%83%D0%B4%D1%83%D1%94%D1%82%D1%8C%D1%81%D1%8F%29._-_panoramio_%284%29.jpg,177870
a52d861588304623,https://upload.wikimedia.org/wikipedia/commons/d/d2/Zakopane_2016_summer_349.JPG,74607
bb3031acd3086df9,https://upload.wikimedia.org/wikipedia/commons/9/90/Met_Quarter%2C_Liverpool_%281%29.jpg,128638
ae070b47d9f9033b,https://upload.wikimedia.org/wikipedia/commons/5/54/RIAN_archive_732_Girls_on_duty.jpg,102178
c678da229304b176,https://upload.wikimedia.org/wikipedia/commons/8/87/Champions_Plaza%2C_U.S._Cellular_Field_%28Comiskey_Park%29%2C_Chicago%2C_Illinois_%289179563505%29.jpg,182735
ee12c5e602e4990e,https://upload.wikimedia.org/wikipedia/commons/8/87/Above_Tomasee.JPG,151547
35575792e90b96e9,https://upload.wikimedia.org/wikipedia/commons/f/f2/Fasori_Lutheran_Church._From_W._Listed_monument_ID_8011_-_Budapest_District_VII.%2C_V%C3%A1rosligeti_fasor._17.JPG,78377
547f7fd8fac98dfd,https://upload.wikimedia.org/wikipedia/commons/2/29/%E5%B1%AF%E6%BA%AA%E8%80%81%E8%A1%97_-_panoramio_%281%29.jpg,18786
007547839f839ddf,https://upload.wikimedia.org/wikipedia/commons/f/fa/Drift_wood_on_the_Beach_-_panoramio.jpg,121594
6d7de6621c60b47f,https://upload.wikimedia.org/wikipedia/commons/1/14/Marlena_looking_above_the_Long_Lake_-_Flickr_-_daveynin.jpg,42905
6c36d76bbdee70b3,https://upload.wikimedia.org/wikipedia/commons/0/0f/Frank_Lloyd_Wrights_Pope-Leighey_House_%283378298426%29.jpg,86101
e79987a4c7de125b,https://upload.wikimedia.org/wikipedia/commons/b/be/Po%C3%A7o_das_Antas_01.jpg,93824
29f7a626e73dc2f7,https://upload.wikimedia.org/wikipedia/commons/d/d7/Ch%C3%A2teau_de_Caen_-_septembre_2011_-_01.jpg,92607
bbd52818b132de9e,https://upload.wikimedia.org/wikipedia/commons/a/a9/Villa_bottini%2C_lu%2C_parco_09_grotticina.JPG,116032
813a7502648f902b,https://upload.wikimedia.org/wikipedia/commons/1/16/H%C3%A4rkeberga_kyrka_-_KMB_-_16001000038704.jpg,185200
a22fb2dd0665b9ab,https://upload.wikimedia.org/wikipedia/commons/2/2f/Penyal_d%27Ifac%2C_penya-segats_del_vessant_sud.JPG,49394
d8d8ce9660bac49d,https://upload.wikimedia.org/wikipedia/commons/1/17/B%C3%BCrgle_Dornbirn_1.jpg,98446
022563babc7d20da,https://upload.wikimedia.org/wikipedia/commons/2/27/Starlings_%289924012383%29.jpg,97561
7d1077c4c6f6c990,http://upload.wikimedia.org/wikipedia/commons/e/e0/Yuzukijo_15.JPG,103155
485f2a6e422d9541,https://upload.wikimedia.org/wikipedia/commons/8/84/Tysness%C3%A5to_fr%C3%A5_V%C3%A5ge.jpg,5922
784b7e6c2023ebf9,https://upload.wikimedia.org/wikipedia/commons/3/37/Hangzhou_Liuhe_Ta_20120518-05.jpg,37492
fe030bf6e2051e07,https://upload.wikimedia.org/wikipedia/commons/9/98/Fauerbach_Ev._Kirche_Ostseite.jpg,129214
87e938ea2d8dd11d,https://upload.wikimedia.org/wikipedia/commons/9/93/The_start_of_the_footpath_to_Mynydd_Bodafon_-_geograph.org.uk_-_1230564.jpg,104599
c7f87847c71e22f1,https://upload.wikimedia.org/wikipedia/commons/b/b7/175_Germain_David-Nillet_La_chapelle_des_Ursulines.JPG,125771
32c58a814fb92286,https://upload.wikimedia.org/wikipedia/commons/e/e2/%D0%93%D0%9B%D0%AB%D0%91%D0%9E%D0%9A%D0%90%D0%95._%D0%9F%D0%BB%D0%BE%D1%88%D1%87%D0%B0_17_%D0%92%D0%B5%D1%80%D0%B0%D1%81%D1%8C%D0%BD%D1%8F._%D0%9A%D0%B0%D1%81%D1%8C%D1%86%D1%91%D0%BB_%D0%A1%D1%8C%D0%B2._%D0%A2%D1%80%D0%BEi%D1%86%D1%8B_%281764-1782_%D0%B3%D0%B3.%29.jpg,26186
5a9bfb6fcf474d5a,https://upload.wikimedia.org/wikipedia/commons/c/ce/Vestiges_de_l%27ancien_ch%C3%A2teau_de_Vesoul.jpg,144301
17135e9dab41b49f,https://upload.wikimedia.org/wikipedia/commons/a/ac/%D0%A1%D1%82%D0%B0%D1%80%D0%BE%D1%81%D0%B5%D0%BB_%D1%81%D0%B2%D0%BE%D0%B4.jpg,195956
4bab1d204819b7b6,https://upload.wikimedia.org/wikipedia/commons/d/dd/Lipovka_21.JPG,33252
471b48b5ec79494f,https://upload.wikimedia.org/wikipedia/commons/4/40/%E0%B8%A7%E0%B8%B1%E0%B8%94%E0%B8%9E%E0%B8%A3%E0%B8%B0%E0%B8%A8%E0%B8%A3%E0%B8%B5%E0%B8%A3%E0%B8%B1%E0%B8%95%E0%B8%99%E0%B8%A8%E0%B8%B2%E0%B8%AA%E0%B8%94%E0%B8%B2%E0%B8%A3%E0%B8%B2%E0%B8%A1%E0%B9%81%E0%B8%A5%E0%B8%B0%E0%B8%9E%E0%B8%A3%E0%B8%B0%E0%B8%9A%E0%B8%A3%E0%B8%A1%E0%B8%A1%E0%B8%AB%E0%B8%B2%E0%B8%A3%E0%B8%B2%E0%B8%8A%E0%B8%A7%E0%B8%B1%E0%B8%87_%E0%B9%80%E0%B8%82%E0%B8%95%E0%B8%9E%E0%B8%A3%E0%B8%B0%E0%B8%99%E0%B8%84%E0%B8%A3_%E0%B8%81%E0%B8%A3%E0%B8%B8%E0%B8%87%E0%B9%80%E0%B8%97%E0%B8%9E%E0%B8%A1%E0%B8%AB%E0%B8%B2%E0%B8%99%E0%B8%84%E0%B8%A3_%2882%29.jpg,120558
ef74efe43b711ffd,https://upload.wikimedia.org/wikipedia/commons/3/37/%C2%AE_ALCORCON_P.F.P._LAS_PRESILLAS-ACCESO_-_panoramio_%284%29.jpg,57116
0afb6283e8a33af4,https://upload.wikimedia.org/wikipedia/commons/4/45/PP_Nivsk%C3%A9_louky_%2818%29.JPG,18707
3801790d93792509,https://upload.wikimedia.org/wikipedia/commons/0/07/M%C3%A5rbacka_-_KMB_-_16000300022766.jpg,78783
99e7169356329124,https://upload.wikimedia.org/wikipedia/commons/e/e0/Kosciuszko_National_Park_NSW_2627%2C_Australia_-_panoramio_%2845%29.jpg,73064
641b5be5671d6fce,https://upload.wikimedia.org/wikipedia/commons/6/6f/Trieste_Maria_Madre_Innen_Unterkirche_1.JPG,21875
6d365a84302a4d80,https://upload.wikimedia.org/wikipedia/commons/5/59/%D0%A1%D0%BE%D0%BB%D0%BD%D0%B5%D1%87%D0%BD%D0%B0%D1%8F_%D0%BE%D1%81%D0%B5%D0%BD%D1%8C-2_-_panoramio.jpg,99183
77e3d72f02aeea2e,https://upload.wikimedia.org/wikipedia/commons/2/23/Leaches_Farm_7.JPG,201418
0c5c7592d0fe485e,https://upload.wikimedia.org/wikipedia/commons/0/08/Wedding_Zeppelinplatz-016.jpg,202027
6ffd51c28b7ee652,https://upload.wikimedia.org/wikipedia/commons/3/3e/Cardigan_Island_-_geograph.org.uk_-_38426.jpg,5652
93c3e72f81800296,https://upload.wikimedia.org/wikipedia/commons/9/91/Obere_Domberggasse_16_%28Freising%29.jpg,5354
19cb3eed11fae703,https://upload.wikimedia.org/wikipedia/commons/0/03/Khoy_-_Shams_Tabrizi%27s_tomb_8_-_Information_in_page_1_-_panoramio.jpg,26839
5c5ddf138492a353,https://upload.wikimedia.org/wikipedia/commons/f/f4/Bussi_sul_Tirino_S_Maria_di_Cartiganano_07_%28RaBoe%29.jpg,64865
3a453009c7711ce1,https://upload.wikimedia.org/wikipedia/commons/e/ec/B%C3%A1varo%2C_23000%2C_Dominican_Republic_-_panoramio_%28176%29.jpg,157511
0d5484a1d44559ff,https://upload.wikimedia.org/wikipedia/commons/1/1b/%D0%91%D1%83%D1%86%D1%8C%D0%BA%D0%B8%D0%B9_%D0%BA%D0%B0%D0%BD%D1%8C%D0%B9%D0%BE%D0%BD%2C_%D1%83%D0%BA%D1%80%D0%B0%D1%97%D0%BD%D1%81%D1%8C%D0%BA%D0%B8%D0%B9_%C2%AB%D0%A1%D1%82%D0%BE%D1%83%D0%BD%D1%85%D0%B5%D0%BD%D0%B4%D0%B6%C2%BB.jpg,68192
6bbdc96fb706c623,https://upload.wikimedia.org/wikipedia/commons/a/a3/%DA%A9%D9%84%DB%8C%D8%B3%D8%A7%DB%8C_%D8%AC%D8%A7%D9%85%D8%B9_%D8%AA%D8%AB%D9%84%DB%8C%D8%AB_%D8%AA%D9%81%D9%84%DB%8C%D8%B3_39.jpg,13471
dc48d28912282e20,https://upload.wikimedia.org/wikipedia/commons/4/4b/Feeding_the_birds_at_Underbank_Reservoir_-_geograph.org.uk_-_921289.jpg,158078
c72be8aa44647693,https://upload.wikimedia.org/wikipedia/commons/1/1b/Bus_inspectors_hut_within_Amberley_Working_Museum_-_geograph.org.uk_-_1245491.jpg,15862
526b022f7f24fd70,https://upload.wikimedia.org/wikipedia/commons/c/c8/Wrangeli_vapp-epitaaf.jpg,5746
6e32fa942bcd6369,https://upload.wikimedia.org/wikipedia/commons/e/e7/11_21_09_2014_Busto_Arsizio_-_Chiesa_di_Madonna_in_Veroncora.jpg,79415
bdefd9c013f3d546,https://upload.wikimedia.org/wikipedia/commons/d/dd/Casa_dello_Scheletro_12.JPG,140340
afda82c717faca30,https://upload.wikimedia.org/wikipedia/commons/8/80/Ko%C5%82obrzeg_Latarnia.JPG,33907
92bf647d9c9d6b8b,http://upload.wikimedia.org/wikipedia/commons/a/ac/StVeitGaertringen10.jpg,6917
c1f807c38772f912,https://upload.wikimedia.org/wikipedia/commons/8/8d/Aunay-sous-Auneau-FR-28-%C3%A9glise-08.jpg,171234
338e2467e90b6207,https://upload.wikimedia.org/wikipedia/commons/0/0b/Syracuse_NY_downtown_wide.jpg,169584
2994b59f4127dbaa,http://upload.wikimedia.org/wikipedia/commons/3/3a/Lysice-z%C3%A1mek2013k.jpg,72796
f788c4c6dfcb4c81,https://upload.wikimedia.org/wikipedia/commons/3/3e/Hugh_llewelyn_926_%285957808296%29.jpg,191461
ca786810e6cdb5ae,https://upload.wikimedia.org/wikipedia/commons/0/0d/Nymphaea_alba_7.jpg,162656
8898df44cc9e20db,https://upload.wikimedia.org/wikipedia/commons/6/69/Overzicht_en_ligging_kasteel_-_Gulpen_-_20332646_-_RCE.jpg,98235
ce27b40331fe68c8,https://upload.wikimedia.org/wikipedia/commons/9/98/Monument_to_the_holocaust_8.jpg,74988
a7efa98d13e71bbc,http://upload.wikimedia.org/wikipedia/commons/8/8c/RO_B_Village_Museum_Mastacan_household_sharpening_stone.jpg,92275
eb2dd54ee6c69ce1,http://upload.wikimedia.org/wikipedia/commons/d/d1/Silwan_IMG_5859.JPG,99545
691e8e44f296bbe2,https://upload.wikimedia.org/wikipedia/commons/1/19/Vis%C3%A3o_da_igreja_ao_entardecer.jpg,36909
bb4907e31afcc8c0,https://upload.wikimedia.org/wikipedia/commons/0/0d/Mizuki_Shigeru_Road_2010-08.JPG,64665
a9c9d073f9c7d78d,https://upload.wikimedia.org/wikipedia/commons/7/7b/Vilky%C5%A1kiai%2C_katalik%C5%B3_ba%C5%BEny%C4%8Dia.JPG,121907
dd8243cc26482dd8,https://upload.wikimedia.org/wikipedia/commons/7/7d/H%C3%A1rmashegy_-_Mecsek.jpg,90033
7e456f6d2ae0ddfc,https://upload.wikimedia.org/wikipedia/commons/5/54/%C3%89glise_Saint-Martin_de_Thuret%2C_bas-c%C3%B4t%C3%A9_.jpg,138418
d99197aa81a54233,https://upload.wikimedia.org/wikipedia/commons/6/6b/Sheriff_Hutton_castle_-_geograph.org.uk_-_814028.jpg,142046
4a3c9ba25be68b26,https://upload.wikimedia.org/wikipedia/commons/8/86/Ma%C4%8Dice%2C_u_silnice.jpg,124354
ff682f8b2a654b2c,https://upload.wikimedia.org/wikipedia/commons/5/5f/LATheater.1.JPG,116666
c5365834858bf0dd,https://upload.wikimedia.org/wikipedia/commons/0/09/Calderstones_Park%2C_Liverpool_%28108%29.JPG,82272
78eb33fd260999da,https://upload.wikimedia.org/wikipedia/commons/5/5d/Vestby_kirke_rk_85808_IMG_3153.JPG,38798
f1935dc1e10ba814,https://upload.wikimedia.org/wikipedia/commons/f/f7/Castelo_de_Castro_Marim_-_Interior.jpg,60292
eb347ccd608c0ab1,https://upload.wikimedia.org/wikipedia/commons/1/14/Castell_SantaAnna_Obertura_Torre_SE.JPG,145572
881aa27a5c8e88c4,http://upload.wikimedia.org/wikipedia/commons/9/98/2012-07-26_Berner_Oberland_5453.JPG,42056
b6c05d2fe5e07ee0,https://upload.wikimedia.org/wikipedia/commons/2/2d/176-BPra_alla_Grigna_08_008.jpg,118661
96591f67cd9659a5,https://upload.wikimedia.org/wikipedia/commons/7/78/Oberheimbach_Heilig_Kreuz_Kapelle.jpg,70450
fc9e53558980bdee,https://upload.wikimedia.org/wikipedia/commons/2/27/CA_Night_Before_Christmas_Wagon_Rides_%26_Story_%2825338001958%29.jpg,85758
c5b7218d76196d9e,https://upload.wikimedia.org/wikipedia/commons/d/d7/Fonds_baptismaux_Ste-Suzanne.jpg,179415
7d616d8512c3a9b1,https://upload.wikimedia.org/wikipedia/commons/e/e3/The_Black_Bull%2C_Grassmarket_-_geograph.org.uk_-_973285.jpg,174193
3b2d7cd9aa2600ef,https://upload.wikimedia.org/wikipedia/commons/4/4a/Derwent_-_geograph.org.uk_-_1706148.jpg,127020
9c254af30b2fcbf2,http://upload.wikimedia.org/wikipedia/commons/8/8d/DiveQuebrada.JPG,69370
279c8060f9d95936,https://upload.wikimedia.org/wikipedia/commons/a/ab/Saint_Holy_Mother_church_of_Yerevan_63.JPG,173542
141e94f6ce3fb103,https://upload.wikimedia.org/wikipedia/commons/3/34/%D0%9D%D0%B5%D1%86%D0%BA%D0%B5.jpg,158889
2ca5d903678cece9,https://upload.wikimedia.org/wikipedia/commons/d/d1/Radnice_%28Krom%C4%9B%C5%99%C3%AD%C5%BE_1.JPG,163651
52705bb43b854563,https://upload.wikimedia.org/wikipedia/commons/4/46/V%C3%ADt%C4%9Bzn%C3%BD_oblouk_-_panoramio_%281%29.jpg,141366
25b954eabf412849,https://upload.wikimedia.org/wikipedia/commons/f/f7/Briesetal_2.JPG,24616
573ec0da58aa29f0,https://upload.wikimedia.org/wikipedia/commons/8/82/Shivta_DSC_0116.JPG_%283859207901%29.jpg,85447
0db930032d22abab,https://upload.wikimedia.org/wikipedia/commons/e/e0/Oltre_le_sbarre_c%27%C3%A8_il_sale_della_vita.jpg,72024
485bd08f5d03ffad,https://upload.wikimedia.org/wikipedia/commons/7/73/Freedom_-_FDR_Memorial_-_Washington_DC_-_2014-04-10_%2813772893393%29.jpg,117004
cb4d0f3dbb96e097,https://upload.wikimedia.org/wikipedia/commons/1/14/ID83034-CLT-0002-01-Waha_Eglise_Saint-Etienne-PM_35367.jpg,95782
059ec8a98dad5fbb,https://upload.wikimedia.org/wikipedia/commons/d/de/Capestrano-CastelloPiccolomini_10.JPG,76878
a4bed178457e4c86,http://upload.wikimedia.org/wikipedia/commons/6/6d/JeffersonBuzzards2002A.jpg,18048
677ad4341adb32b1,https://upload.wikimedia.org/wikipedia/commons/2/21/Shri_Viswanath_Temple%2C_BHU%2C_Varanasi%2C_From_front.jpg,25718
7d9eed3f7e3f564b,https://upload.wikimedia.org/wikipedia/commons/9/94/B%C3%A1varo%2C_23000%2C_Dominican_Republic_-_panoramio_%28113%29.jpg,157511
abbf478dd065078f,https://upload.wikimedia.org/wikipedia/commons/7/70/Pier_y_Garth_Bangor_Garth_Pier_-_geograph.org.uk_-_680484.jpg,22831
ffdff40abb8e5acd,https://upload.wikimedia.org/wikipedia/commons/5/55/LES_MAISONS_LES_PIEDS_DANS_L%27EAU.jpg,131757
eeb378ccaebdcf36,https://upload.wikimedia.org/wikipedia/commons/e/e8/%D0%A8%D0%B5%D0%BC%D0%B5%D1%82%D0%BE%D0%B2%D0%BE.JPG,133909
5b6b5e9b1d9166ed,https://upload.wikimedia.org/wikipedia/commons/8/8d/Uzava_lighthouse_%286%29.jpg,42403
3453fcbea322bce0,https://upload.wikimedia.org/wikipedia/commons/9/99/Majella_2013-12_by-RaBoe_029.jpg,7749
e426a8235dd9b095,https://upload.wikimedia.org/wikipedia/commons/3/35/Salzburg_%288085609256%29.jpg,64087
af2e17c59d592aff,https://upload.wikimedia.org/wikipedia/commons/b/b9/Massandra_palace_059.jpg,118925
893acd3663851f1a,http://upload.wikimedia.org/wikipedia/commons/4/40/R%C3%B6mische_Villa_Haselburg_%28DerHexer%29_2012-09-29_066.jpg,13978
cd4b5835fe330e2e,https://upload.wikimedia.org/wikipedia/commons/f/fd/Clearwater_Beach%2C_Florida_%2835406919672%29.jpg,131355
8bb49b0654fc91e1,https://upload.wikimedia.org/wikipedia/commons/4/46/BUDDH_CIRCUIT%2C_GREATER_NOIDA.jpg,118580
39588d1287c95005,https://upload.wikimedia.org/wikipedia/commons/0/04/Ariake_Sea_and_Mount_Kimbozan_from_Ariake_Ferry.jpg,119901
d6d136fea41b4d05,https://upload.wikimedia.org/wikipedia/commons/b/b0/1350_Orbe%2C_Switzerland_-_panoramio_%288%29.jpg,80595
0b35b8e1c7289eb1,https://upload.wikimedia.org/wikipedia/commons/9/91/BL-PARK.jpg,125293
02ed155df23a510d,https://upload.wikimedia.org/wikipedia/commons/7/73/Naturpark_Hohe_Trauern.JPG,156021
7311d21bdd8eb750,https://upload.wikimedia.org/wikipedia/commons/5/53/Huevo_de_Col%C3%B3n%2C_vista_general.jpg,74445
f86c3022b058f4ac,http://upload.wikimedia.org/wikipedia/commons/6/66/Yoshida_Fire_Festival_Oyama-Mikoshi.JPG,125862
69d2a7af9eb38b90,https://upload.wikimedia.org/wikipedia/commons/b/b1/Bush-13_%287461620008%29.jpg,79055
7f4d4731b53e21d1,https://upload.wikimedia.org/wikipedia/commons/d/d3/MaquetaTemploForoCaesaraugusta.jpg,107854
36b60a2437f20e03,https://upload.wikimedia.org/wikipedia/commons/f/f5/V_Obouch_%281%29.JPG,139491
60a4f42b6ce247a6,https://upload.wikimedia.org/wikipedia/commons/3/3f/Temples_de_la_Vesta_et_de_la_Sibylle.JPG,18640
736607bad775dc4e,https://upload.wikimedia.org/wikipedia/commons/7/77/Musee_chocolat_Cologne2.jpg,158691
502267e6f4ce0af8,https://upload.wikimedia.org/wikipedia/commons/9/9e/Dianthus_serotinus_sl7.jpg,139399
9a10f891b2866932,https://upload.wikimedia.org/wikipedia/commons/f/f0/%D0%93%D1%80%D0%B5%D0%BD%D0%B0%D0%B4%D0%B5%D1%80%D0%B0%D0%BC_-_%D0%B3%D0%B5%D1%80%D0%BE%D1%8F%D0%BC_%D0%9F%D0%BB%D0%B5%D0%B2%D0%BD%D1%8B_-_panoramio.jpg,93671
14c11313a5afbb10,https://upload.wikimedia.org/wikipedia/commons/d/d8/Budapest%2C_Belv%C3%A1ros-Lip%C3%B3tv%C3%A1ros%2C_V%C3%A1ci_utca._-_Fortepan_102643.jpg,66556
c8c9efd43d9c1dfb,https://upload.wikimedia.org/wikipedia/commons/6/61/%D0%A0%D1%8D%D1%88%D1%82%D0%BA%D1%96_%D0%B7%D0%B0%D0%BC%D0%BA%D0%B0.JPG,104771
2a9a606f8a484537,https://upload.wikimedia.org/wikipedia/commons/6/68/Agora_of_the_Competaliasts_%28IV%29_%285182248733%29.jpg,172006
fcae77c7e1b3eac3,https://upload.wikimedia.org/wikipedia/commons/a/a3/Behind_La_Paz_Waterfall%2C_Costa_Rica.jpg,34318
6186a92e405b82b8,https://upload.wikimedia.org/wikipedia/commons/a/ab/Mariahilfberg_-_Neumarkt_012.JPG,168923
4811d9b1b84a918d,https://upload.wikimedia.org/wikipedia/commons/4/4b/Hisarlaka_Fortress%2C_Kyustendil_47.JPG,25290
509c343e29d8715d,https://upload.wikimedia.org/wikipedia/commons/1/17/Southeast_church-tower_%288%29%2C_Peshtera%2C_Bulgaria.jpg,148098
799b9a08173efcb1,https://upload.wikimedia.org/wikipedia/commons/2/20/20140522_NSG-Nr_2.189_Unteres_W%C3%BCrmtal_008.JPG,21709
80f15b63539e10de,https://upload.wikimedia.org/wikipedia/commons/0/07/TAAF_JuanDeNova23.jpg,153045
3ac23352292d97e8,https://upload.wikimedia.org/wikipedia/commons/9/91/USA-Ft_Wayne_IN-Jefferson_Pointe_0789.JPG,105843
da06621411481bbe,https://upload.wikimedia.org/wikipedia/commons/d/dc/Udawalawe_Hydro_Power_Station_Water_Intake_2012_-_panoramio.jpg,63920
25bb6722d1ef081d,https://upload.wikimedia.org/wikipedia/commons/2/29/Ripa_-_lungotevere_Aventino_1110886.JPG,92685
c98ccdfca2997a84,https://upload.wikimedia.org/wikipedia/commons/6/6d/%D0%AD%D0%BC%D0%B8%D0%BD%D0%B5-%D0%91%D0%B0%D0%B8%D1%80-%D0%A5%D0%BE%D1%81%D0%B0%D1%80_7.JPG,129064
7b1e0c72f9a72a13,https://upload.wikimedia.org/wikipedia/commons/8/8f/Campo_Imperatore_2015_by-RaBoe_128.jpg,160964
72874eb7984e1f40,https://upload.wikimedia.org/wikipedia/commons/1/18/Pano_taken_in_the_park_beside_the_North_building_of_the_St_Lawrence_Market%2C_months_before_the_building_will_be_demolished_to_make_way_for_a_newer_building%2C_2015_04_07_%283%29.JPG_-_panoramio.jpg,14915
5b38c5d75d05ac8a,http://upload.wikimedia.org/wikipedia/commons/a/a6/Unterschweinstiege.jpg,4093
e70583d70cb0ef08,https://upload.wikimedia.org/wikipedia/commons/f/f9/Acadia_National_Park_%288111142102%29.jpg,167942
0a2b645dab1b86cd,https://upload.wikimedia.org/wikipedia/commons/5/5f/2014-08-09_14_32_06_View_east_at_the_west_end_of_Nevada_State_Route_488_%28Lehman_Caves_Road%29_at_Great_Basin_National_Park%2C_Nevada.JPG,11575
51be73a53cc7350c,https://upload.wikimedia.org/wikipedia/commons/b/b2/Church_Ope_Cove_-_geograph.org.uk_-_1029172.jpg,172793
8a244108ce4be518,https://upload.wikimedia.org/wikipedia/commons/7/70/%E3%83%9B%E3%83%86%E3%83%AB%E5%BF%97%E6%91%A9%E3%82%B9%E3%83%9A%E3%82%A4%E3%83%B3%E6%9D%91_-_panoramio_%287%29.jpg,71636
943c1d02c5cf6c5f,https://upload.wikimedia.org/wikipedia/commons/b/b6/Cerro_Memby_-_Coordillera_del_Amambay_-_panoramio_%281%29.jpg,4347
1f341ad462f85298,https://upload.wikimedia.org/wikipedia/commons/6/61/Vigeland6ffg.jpg,137999
6661098d9d0bb0d5,https://upload.wikimedia.org/wikipedia/commons/4/46/Maryhill_Stonehenge_15.jpg,118233
29977dc80b83012d,https://upload.wikimedia.org/wikipedia/commons/1/1b/Luca_Pignatelli%2C_Pompei.jpg,96465
195151de78d828d3,https://upload.wikimedia.org/wikipedia/commons/3/36/Voorgevels_-_Amsterdam_-_20017023_-_RCE.jpg,98731
1d8b0c0d191d8be5,https://upload.wikimedia.org/wikipedia/commons/6/6f/Exterieur_met_toren_-_Heemskerk_-_20104530_-_RCE.jpg,169078
cf23c086615c686c,https://upload.wikimedia.org/wikipedia/commons/7/79/Wooden_architecture_in_Irkutsk_02_-_seseg_h.jpg,52097
50859fdf38f50e37,https://upload.wikimedia.org/wikipedia/commons/d/d2/Auf_der_CSD_open_ship_%282%29.jpg,113396
d91c2ed1c9d896a0,https://upload.wikimedia.org/wikipedia/commons/f/f6/Buffalo_Bill_Cody_Scenic_Byway_9-9-2014_8-07-28.JPG,201451
df9863d271b2970b,https://upload.wikimedia.org/wikipedia/commons/4/4a/JamesGardensGate.jpg,148580
399beda2244087ec,http://upload.wikimedia.org/wikipedia/commons/e/ee/P1000425_Ipomoea_lobata_%28Spanish_Flag%29_%28Convolvulaceae%29_Leaf.JPG,47712
bf4a319f4c2fe18e,https://upload.wikimedia.org/wikipedia/commons/b/b9/Douaumont_couloir.JPG,65106
f69939b335e381f9,https://upload.wikimedia.org/wikipedia/commons/2/2f/Avenida_Colombia_Kolombio-Avenuo_21.JPG,150474
f742d67ba679f24a,http://upload.wikimedia.org/wikipedia/commons/6/6a/Kerk%2C_gezien_vanuit_het_zuiden_-_Utrecht_-_20232673_-_RCE.jpg,96667
e20a445452094973,https://upload.wikimedia.org/wikipedia/commons/a/ae/Ohio_River_From_Mt._Washington.jpg,52937
a866a53123f6debf,https://upload.wikimedia.org/wikipedia/commons/d/d4/Dom_Toren_new_year_illumination_-_panoramio.jpg,65141
b5f44e2d8e1f2030,https://upload.wikimedia.org/wikipedia/commons/1/15/Sv._Nikola.jpg,135041
c7c066434b66e5a0,https://upload.wikimedia.org/wikipedia/commons/3/3c/216_Biblioteca_Josep_Soler_Vidal%2C_c._Sant_Pere_%28Gav%C3%A0%29.JPG,155968
23b35d095d5b01a1,https://upload.wikimedia.org/wikipedia/commons/3/39/18.%D0%91%D1%83%D0%B4%D0%B0%D0%BD%D1%96%D0%B2_%D0%97%D0%B0%D0%BC%D0%BE%D0%BA_%28%D0%BC%D1%83%D1%80.%29.JPG,25771
45acdc2e324a3cb1,https://upload.wikimedia.org/wikipedia/commons/d/de/CLE_Hawk_%286109559339%29.jpg,120233
a969576d9e1b44fb,https://upload.wikimedia.org/wikipedia/commons/4/45/Building_on_Chingiz_Mustafayev_Street_78.jpg,139859
ae0da869211bdfa1,https://upload.wikimedia.org/wikipedia/commons/e/e7/Stockportviaduct.jpg,144625
0b4cb1c6951e1570,https://upload.wikimedia.org/wikipedia/commons/5/5a/%D0%9C%D0%BE%D0%BD%D1%83%D0%BC%D0%B5%D0%BD%D1%82_%D0%9D%D0%B5%D0%B7%D0%B0%D0%BB%D0%B5%D0%B6%D0%BD%D0%BE%D1%81%D1%82%D1%96_4.jpg,29300
c46d0202667695f1,https://upload.wikimedia.org/wikipedia/commons/b/b4/Atrio_dell%27entrata_del_transetto_%28Basilica_di_Sant%27Andrea%29.jpg,48743
2c8a55ca831249ea,https://upload.wikimedia.org/wikipedia/commons/b/b9/Losolosy_%28003%29.jpg,23537
d32b754a4742fae0,https://upload.wikimedia.org/wikipedia/commons/e/e6/NSG_Altrhein_Maxau_%282014%29_1.JPG,129987
e58f12646948fa38,https://upload.wikimedia.org/wikipedia/commons/8/84/Isidutizinzya0%C9%A8.jpg,27231
b352a4cd90995637,https://upload.wikimedia.org/wikipedia/commons/e/e8/%E3%82%B3%E3%83%9F%E3%82%B1_%E4%B8%80%E8%88%AC%E5%8F%82%E5%8A%A0_%E6%9C%80%E5%BE%8C%E5%B0%BE_%2846662862892%29.jpg,50716
0aae6b0ea9839232,https://upload.wikimedia.org/wikipedia/commons/3/30/Etnografski_muzej_Beograd_Kolega2357_11.jpg,139351
618b8caec9e2a632,https://upload.wikimedia.org/wikipedia/commons/c/c3/Landschaftspark_Herzberge_Rauwolliges_Pommersches_Landschaf.JPG,18598
f740f8b51cda96cc,http://upload.wikimedia.org/wikipedia/commons/f/fe/Molen_Kerkhovense_molen%2C_kap_bovenwiel_achterkant_%284%29.jpg,162966
6f8a378b2b395b31,https://upload.wikimedia.org/wikipedia/commons/0/0a/St_Davids_Cathedral_-_panoramio_%282%29.jpg,3747
93169b0150869941,https://upload.wikimedia.org/wikipedia/commons/5/5b/The_Cornish_coast_west_of_Stepper_Point_-_geograph.org.uk_-_1532984.jpg,36643
9226fdac7a3003a6,https://upload.wikimedia.org/wikipedia/commons/e/eb/Canet_de_Mar._Sanctuary_of_Mare_de_D%C3%A9u_de_la_Miseric%C3%B2rdia_%28Virgin_of_Mercy%29._Hotel_-_restaurant._Josep_Puig_i_Cadafalch_architect_%281914%29_%2814741305097%29.jpg,73552
066ba3336f08fa8b,https://upload.wikimedia.org/wikipedia/commons/7/7c/Oxburgh_Hall_-_viewed_from_the_west.jpg,84808
61e9bf6f5369dd18,https://upload.wikimedia.org/wikipedia/commons/2/2e/Dreifaltigkeitsberg_Wallfahrtskirche_Orgelgeh%C3%A4use_%28Moosthenning%29.jpg,100445
1f8285f8c4b3c250,https://upload.wikimedia.org/wikipedia/commons/d/dc/Prefeitura_de_S%C3%A3o_Paulo._-_panoramio.jpg,169484
b8d325d6002b2a21,https://upload.wikimedia.org/wikipedia/commons/2/2a/Trinity_Church%2C_New_York_City_-_panoramio_-_Malarkey83.jpg,167092
3eac963f64f667ea,https://upload.wikimedia.org/wikipedia/commons/4/45/Mari%C3%A1nsk%C3%BD_most%2C_%C3%9Ast%C3%AD_nad_Labem%2C_%C3%9Ast%C3%AD_nad_Labem%2C_%C4%8Cesk%C3%A1_republika_-_panoramio.jpg,114665
6096814e3425cd70,https://upload.wikimedia.org/wikipedia/commons/7/76/Audi_Field_DC_02.jpg,108250
d7fec3090c46912c,https://upload.wikimedia.org/wikipedia/commons/8/83/Obra_de_Lydia_Okumura.jpg,160436
609ac216666ef426,https://upload.wikimedia.org/wikipedia/commons/4/42/El_Roque_Nublo_-_panoramio.jpg,13112
a71ae0bae235bf0c,https://upload.wikimedia.org/wikipedia/commons/c/c2/Dharashnvel_Temple_%28Magderu%29._Main_entrance.jpg,28908
3e4762a4a4eeb4f3,https://upload.wikimedia.org/wikipedia/commons/e/e9/Tatevi_Anapat_6.JPG,72446
6923d4b2c35fb0a1,https://upload.wikimedia.org/wikipedia/commons/e/ee/Wuppertal_Hardt_2012_110.JPG,123050
abcd033dac9f5253,https://upload.wikimedia.org/wikipedia/commons/3/3a/Tiverton_%2C_St_Peter%27s_Church_-_geograph.org.uk_-_1573741.jpg,24998
6ccf771e58ede753,http://upload.wikimedia.org/wikipedia/commons/c/c5/Mackinac_Island_2013-09-11_11-22-50.jpg,20246
9b0da9740a93d5b2,https://upload.wikimedia.org/wikipedia/commons/1/1a/Pore%C4%8D%2C_Euphrasius-Basilika%2C_S%C3%A4ulen.JPG,17403
a822a6c040ebf299,http://upload.wikimedia.org/wikipedia/commons/8/82/Oliva_reticularis_SR_02-274_01.jpg,36412
f9ecb1ecf0f09ee9,https://upload.wikimedia.org/wikipedia/commons/9/90/Balsam_Mountain_and_NY_28.jpg,99736
be78e177865513aa,https://upload.wikimedia.org/wikipedia/commons/9/9e/Kyoto_%2816040166131%29.jpg,197100
6051b848508b7505,https://upload.wikimedia.org/wikipedia/commons/4/42/Do_u_have_morals%3F_%289332573324%29.jpg,89320
e7827fa0479f240b,https://upload.wikimedia.org/wikipedia/commons/8/82/Ch%C3%A2teau_de_Suze_la_Rousse_-_ancienne_chapelle_-_salle_de_d%C3%A9gustation_07.jpg,22111
3e52ac825cfa6f17,https://upload.wikimedia.org/wikipedia/commons/e/e3/Nasca_-_Mono_-_opice_-_monkey_-_panoramio.jpg,162830
49cf7947b3bf2607,https://upload.wikimedia.org/wikipedia/commons/3/36/20071117_19_Savigny-sous-Faye.jpg,85119
72a7028f216e0e1e,https://upload.wikimedia.org/wikipedia/commons/9/9c/The_Barrage_at_Assouan_%281906%29_-_TIMEA.jpg,168220
78555ae8aeda2066,https://upload.wikimedia.org/wikipedia/commons/6/67/Mus%C3%A9e_arch%C3%A9ologique_de_Grenoble_%C3%89pitaphe_de_M%C3%A9gard.JPG,58071
f995d8d8d19bf0bd,https://upload.wikimedia.org/wikipedia/commons/a/a3/Masada_Sauna_%2825871288776%29.jpg,40088
0ff08c6c336d9b78,https://upload.wikimedia.org/wikipedia/commons/a/a5/Portchester_castle_08.jpg,104691
656c32790a7b3f28,http://upload.wikimedia.org/wikipedia/commons/d/db/Georgskreuz_8398.jpg,94741
cc75478b11b1e733,https://upload.wikimedia.org/wikipedia/commons/2/24/Musei_Capitolini_DSCF6753_06.jpg,147950
ba90bdcceae43604,https://upload.wikimedia.org/wikipedia/commons/1/1a/Ponik_Ofiar_Komunizmu_6.JPG,133532
b43daed815cbc3e8,https://upload.wikimedia.org/wikipedia/commons/0/03/Shivneripic5.jpg,48064
c62e686c9db0877f,https://upload.wikimedia.org/wikipedia/commons/3/3a/Chiesa_di_San_Michele_in_Foro_-_Lucca_-_panoramio.jpg,161213
e40772ae32397065,https://upload.wikimedia.org/wikipedia/commons/c/c5/Medallion_carpet%2C_Iran%2C_late_16th_cent.%3BPergamon_Museum%2C_Berlin_%282%29_%2825355211287%29.jpg,87895
292faf41f3130e5c,https://upload.wikimedia.org/wikipedia/commons/7/7b/ColebrookCT_TownHall.jpg,11275
b48cb1e2260d7451,https://upload.wikimedia.org/wikipedia/commons/6/6a/Thracian_rock_niches_near_Dazhdovnitsa_2011_PD_02.JPG,119369
a79a60438ca21ec2,https://upload.wikimedia.org/wikipedia/commons/9/90/Arco_di_Traiano_-_Ancona_21.jpg,187900
d0ebc7aa7d25d661,https://upload.wikimedia.org/wikipedia/commons/9/90/Gedenktafel_Bornholmer_Str_%28Prenz%29_Wende_und_friedliche_Revolution_in_der_DDR.jpg,60376
f6c72a2e1681ba53,https://upload.wikimedia.org/wikipedia/commons/8/88/Kreuzweingarten_Kirche_%2805%29.jpg,141764
318e40ce8942b748,https://upload.wikimedia.org/wikipedia/commons/9/97/WE_GobbleWobble2014_%2815950269226%29.jpg,49712
488577bdf58e747e,https://upload.wikimedia.org/wikipedia/commons/f/f3/Casa_Enrique_Nieto_%28arquitecto%29.jpg,140089
d73006577f9f034e,https://upload.wikimedia.org/wikipedia/commons/5/5f/%E6%B8%85%E9%81%93%E5%85%89%E7%BB%BF%E5%9C%B0%E5%B9%BF%E5%BD%A9%E5%8F%8C%E8%80%B3%E7%93%B6.JPG,128011
b68bb5d091e13c71,https://upload.wikimedia.org/wikipedia/commons/d/da/Catedral_Angelopolitana_70.jpg,48891
0fccd58caec1ac44,https://upload.wikimedia.org/wikipedia/commons/1/11/220211-028_CPS_%285468864977%29.jpg,198901
1020ec2d924b1b9e,https://upload.wikimedia.org/wikipedia/commons/5/55/8_Callan_Ward_2.png,10863
80f2312792ea4e0c,https://upload.wikimedia.org/wikipedia/commons/0/03/Komsomolzen_-_panoramio.jpg,24353
5642a2d6832871d6,https://upload.wikimedia.org/wikipedia/commons/7/7f/Intreccio_di_strade_presso_le_foci_dell%27Avisio2.jpg,28936
fd47e7c780961f4d,http://upload.wikimedia.org/wikipedia/commons/c/c0/Carmel_Road_near_Stanley_Plaza.jpg,176708
0c49f851e5cf50ef,http://upload.wikimedia.org/wikipedia/commons/4/46/Nikolaj_Chapel.jpg,198423
374e22720c298d18,https://upload.wikimedia.org/wikipedia/commons/c/c1/Hvalpsund_-_Louns_Bredning_-_panoramio.jpg,51730
e2f46a836c8a7df7,https://upload.wikimedia.org/wikipedia/commons/7/72/Beethoven-denkmal-29122015-03.jpg,40860
14d617cf69b81623,https://upload.wikimedia.org/wikipedia/commons/0/06/Torentrap.JPG,140579
7547fb4dcd829e3b,https://upload.wikimedia.org/wikipedia/commons/1/17/%E5%98%89%E5%AE%9A%E7%B8%A3%E5%AD%94%E5%BB%9F.jpg,44174
f780283bcdb81a94,http://upload.wikimedia.org/wikipedia/commons/f/f6/INTERIEUR%2C_KOLOMSCHILDERING_-_Medemblik_-_20280593_-_RCE.jpg,186957
79da37ca81d81ec8,http://upload.wikimedia.org/wikipedia/commons/e/ec/Dune_du_Pyla_%285%29.JPG,94383
f44c0c1f2a7bdaa7,https://upload.wikimedia.org/wikipedia/commons/0/06/Kanton_Bern_Rosenlauischlucht_06.JPG,24036
b9aece007fb5294a,https://upload.wikimedia.org/wikipedia/commons/0/02/COA_Aspremont-Linden_Johann_Nepomuk_Gobert_Wolkenstein-Trostburg_Maria_Elisabet_Franziska.jpg,129225
6d120e566f363d88,https://upload.wikimedia.org/wikipedia/commons/1/1f/Loughborough_University_Library_68_Level_1_-_during_-_02-07-13_%289245174625%29.jpg,46500
850201d76ade86e9,https://upload.wikimedia.org/wikipedia/commons/c/c7/Dr%C4%85seikiai%2C_karjero_tvenkinys.JPG,84458
b7928495869abe64,https://upload.wikimedia.org/wikipedia/commons/8/8f/Cladire_curte_Manastirea_Lainici.jpg,98483
ca130ec38cdff7f6,https://upload.wikimedia.org/wikipedia/commons/b/b0/Toronto_tugboat_M.R._Kane_pushes_an_empty_barge_to_its_mooring_point_in_the_Keating_Channel%2C_2015_09_23_%2853%29.JPG_-_panoramio.jpg,14915
a397b1fbd87d454e,https://upload.wikimedia.org/wikipedia/commons/3/34/2016_Burg_Pfalzgrafenstein_02.jpg,135855
73896a34576bcf77,https://upload.wikimedia.org/wikipedia/commons/d/d3/Abu_Dhabi_from_sea_-_panoramio.jpg,110783
726ab2662ad894ad,https://upload.wikimedia.org/wikipedia/commons/a/a1/SL_bus_line_67_at_Skansen.jpg,145097
d2e6050690712ee5,https://upload.wikimedia.org/wikipedia/commons/8/82/Gowanus_Exy_Smith-Ninth_02.jpg,36243
02c46c9567f100a2,https://upload.wikimedia.org/wikipedia/commons/7/76/Wie%C5%BCa_ratuszowa_Gda%C5%84sk%2C_ul._D%C5%82uga_46_by_AW.jpg,68501
cfbb250528c556a9,https://upload.wikimedia.org/wikipedia/commons/d/d2/Sainj_River.jpg,193312
28597c765925a1a1,http://upload.wikimedia.org/wikipedia/commons/1/14/%D0%A4%D0%BE%D1%82%D0%BE_%D0%BF%D1%83%D1%82%D0%B5%D1%88%D0%B5%D1%81%D1%82%D0%B2%D0%B8%D1%8F_%D0%BF%D0%BE_%D0%91%D0%B5%D0%BB%D0%B0%D1%80%D1%83%D1%81%D0%B8_029.jpg,194452
4b268fcbf0b9fdb0,https://upload.wikimedia.org/wikipedia/commons/c/ce/Museu_de_Santo_Andr%C3%A9_Dr._Octaviano_Armando_Gaiarsa_38.jpg,166290
c7367c73c4002675,https://upload.wikimedia.org/wikipedia/commons/b/b4/Guangfu_Ancient_City_5.jpg,31346
6f5fab8bf313d97a,https://upload.wikimedia.org/wikipedia/commons/4/40/Volokolamsky_District%2C_Moscow_Oblast%2C_Russia_-_panoramio_%28119%29.jpg,198838
c55a899d7366ae9a,https://upload.wikimedia.org/wikipedia/commons/d/da/Sagalund_5.jpg,102484
634bf1d3c2e4882d,https://upload.wikimedia.org/wikipedia/commons/a/a3/WeissenhofsiedlungJJPOud-pjt.jpg,25911
35a7ff745f070f66,https://upload.wikimedia.org/wikipedia/commons/b/bc/Dent_d%27Herens_e_Cervino_invernali_da_Valpelline.JPG,92342
c6dfce1f1cf17013,https://upload.wikimedia.org/wikipedia/commons/4/48/Mestre_Ramon_42.jpg,75138
1458d31134769dd9,https://upload.wikimedia.org/wikipedia/commons/4/4d/Gy%C3%B4gan-ji_Temple_K%C3%B4d%C3%B4_-_Jimusho.jpg,26748
052c5f99574b4bca,https://upload.wikimedia.org/wikipedia/commons/b/ba/Broad_Street_-_geograph.org.uk_-_1631267.jpg,85605
2daec78fb9b20441,https://upload.wikimedia.org/wikipedia/commons/5/5e/%C3%89poisses_ch%C3%A2teau_face.jpg,183145
5406059ddfbb65b9,https://upload.wikimedia.org/wikipedia/commons/d/da/Pf%C3%A4fers_-_Tamina_Canyon_Road_%2817903188842%29.jpg,170964
9f46ae11c64102d9,https://upload.wikimedia.org/wikipedia/commons/4/4f/%D7%91%D7%99%D7%AA_%D7%94%D7%A7%D7%91%D7%A8%D7%95%D7%AA_%D7%94%D7%99%D7%94%D7%95%D7%93%D7%99_%D7%91%D7%9C%D7%95%D7%91%D7%9C%D7%99%D7%9F%2C_%D7%A8%D7%91%D7%99_%D7%A9%D7%9C%D7%9E%D7%94_%D7%9C%D7%95%D7%A8%D7%99%D7%90_%282%29.jpg,170814
7505602ef76f229a,https://upload.wikimedia.org/wikipedia/commons/7/7d/Musli_Berisha%2C_miber%3B_Tri_P_ne_Prevalle%2C_Prizren%2C_Pashtrik%2C.jpg,51788
401788044234f8ec,https://upload.wikimedia.org/wikipedia/commons/e/eb/Isle_of_Arran%2C_Mapa_Scotland%2C_Barony_Castle.JPG,100510
9f392621d92e570a,http://upload.wikimedia.org/wikipedia/commons/d/da/St.Gabriel_3.JPG,21380
4f30ef51c3f2a9d8,http://upload.wikimedia.org/wikipedia/commons/0/0c/130713_Hokkaido_Museum_of_Northern_Peoples_Abashiri_Hokkaido_Japan07s3.jpg,357
2e9204484839d864,https://upload.wikimedia.org/wikipedia/commons/f/f5/Modell-St.-Mary-Bild-5.jpg,79905
79757e3c364fc9c5,https://upload.wikimedia.org/wikipedia/commons/1/1d/Embalse_de_Tibi%2C_2017-02-11%2C_Tripleca%C3%B1a_07.jpg,171931
78a2f56291a516f5,https://upload.wikimedia.org/wikipedia/commons/a/a3/Making_headway_on_the_trim_%28173963445%29.jpg,98844
2a26aac3cedb874e,https://upload.wikimedia.org/wikipedia/commons/2/2c/Kasteel_ammersoyen_%2844%29_%2816263071879%29.jpg,114565
1f424fbd78143750,https://upload.wikimedia.org/wikipedia/commons/b/bd/%C3%96stra_Ny_kyrka_11.JPG,745
7df2ffd8f70c3e53,https://upload.wikimedia.org/wikipedia/commons/5/57/Lordat_vue1.JPG,190555
0a851959f181c012,https://upload.wikimedia.org/wikipedia/commons/0/0c/46-101-1712_Lviv_SAM_2846.jpg,177870
dcae53b408e2b72c,https://upload.wikimedia.org/wikipedia/commons/b/b8/Folhammar_%285%29.JPG,81392
9fe16dcad8d43d3e,https://upload.wikimedia.org/wikipedia/commons/4/4e/Convento_encarnacion.JPG,129333
48c1e13c7d2594e6,https://upload.wikimedia.org/wikipedia/commons/4/46/Paris_2_%2835468450182%29.jpg,136017
322592706582549d,https://upload.wikimedia.org/wikipedia/commons/5/56/Cimeti%C3%A8re_d%27Auteuil_3.JPG,539
8bb17c4ff5dc325d,https://upload.wikimedia.org/wikipedia/commons/3/3c/HK_Wan_Chai_Queen%27s_Road_East_Old_Wan_Chai_Post_Office_sign_June-2013.JPG,133854
263dac69eb04ee54,https://upload.wikimedia.org/wikipedia/commons/5/5f/MuzeumZapalek_2.jpg,68007
cb29b4865759a726,https://upload.wikimedia.org/wikipedia/commons/9/99/Daisen_2016-03-21_%2825861834112%29.jpg,113742
e24947b04de33421,https://upload.wikimedia.org/wikipedia/commons/2/22/Ferry_to_Ile_Sainte_Marguerite_-_panoramio_-_Alistair_Cunningham_%284%29.jpg,19878
6fa2769687cde8b4,https://upload.wikimedia.org/wikipedia/commons/5/53/Ornithologist_at_work_IMG_0741.JPG,75912
f2f86afa90648f7f,http://upload.wikimedia.org/wikipedia/commons/6/60/Goe_Jacobi_Church.jpg,175026
52b42317ddc29e3d,http://upload.wikimedia.org/wikipedia/commons/7/7d/Seaton_Delaval_Hall_-_all_from_NW.jpg,152057
cdb75813dbce4671,https://upload.wikimedia.org/wikipedia/commons/2/27/Armon_Nizanim_IMG_6326.JPG,102905
3146d7f3ffada42c,http://upload.wikimedia.org/wikipedia/commons/a/a9/Lille_-_Chapelle_Notre-Dame-de-la-R%C3%A9conciliation_-_15.jpg,58630
71da4110075bb232,https://upload.wikimedia.org/wikipedia/commons/7/74/Fort_bij_Vijfhuizen_IMG_2903_%2813926992889%29.jpg,100719
5b0c80e08d1ab90b,https://upload.wikimedia.org/wikipedia/commons/8/85/Inscription_on_building_within_compound.JPG,56935
272bbecc4fe43993,https://upload.wikimedia.org/wikipedia/commons/d/d2/Chambord_-_ch%C3%A2teau%2C_cour_%2820%29.jpg,32338
894249ce3bd379e9,https://upload.wikimedia.org/wikipedia/commons/9/90/Nelahozeves%2C_z%C3%A1mek_Nelahozeves_1.JPG,83131
99aa2f202ab1f05c,https://upload.wikimedia.org/wikipedia/commons/8/8f/Abernethy_Forest_at_Bognacruie_-_geograph.org.uk_-_1437262.jpg,99157
6ece6f5e46836b55,https://upload.wikimedia.org/wikipedia/commons/d/d7/Usedlost%2C_Za_opravnou_3%2C_Motol%2C_Praha_5%2C_Hlavn%C3%AD_m%C4%9Bsto_Praha_03.jpg,42757
aefb45af2a9205e2,https://upload.wikimedia.org/wikipedia/commons/9/96/%27Pakistan%27-ibneazhar-400-yrs-old-rohtas-fort-near-dina-jehlum_%2860%29.jpg,90021
1b0123b5b5dad0cf,https://upload.wikimedia.org/wikipedia/commons/8/8d/Zora_nad_Beogradom%2C_Petar_Lubarda%2C_poklon_za_izgradnju_pruge_beograd-bar_%281_von_1%29.jpg,152490
31986db3bb38d768,https://upload.wikimedia.org/wikipedia/commons/3/3f/W%C3%B6rthersee_2014.JPG,53170
317c40f7fbe5a1cc,https://upload.wikimedia.org/wikipedia/commons/2/2d/Andenne-Coll%C3%A9giale_Sainte-Begge_%2812%29.jpg,188672
5d0fb18c155f7f37,https://upload.wikimedia.org/wikipedia/commons/2/27/Sassi_di_Matera%2C_75100_Matera_MT%2C_Italy_-_panoramio_%286%29.jpg,28119
a35fa92ae8717085,https://upload.wikimedia.org/wikipedia/commons/3/3f/WikiCon2016_Unter_einem_DACH_T10.jpg,82508
211b84e99a17c22e,https://upload.wikimedia.org/wikipedia/commons/d/db/Notice%2C_Chittagong_War_Cemetery_%2801%29.jpg,16135
447dc356667e23f3,https://upload.wikimedia.org/wikipedia/commons/9/97/Mark_Twain_Home_%2813825190325%29.jpg,37334
abab6ff32dd8813d,https://upload.wikimedia.org/wikipedia/commons/d/d1/Fulseck%2C_Dorfgastein_06.JPG,164036
135ce0293cea8be8,https://upload.wikimedia.org/wikipedia/commons/4/49/Sumela_-_Kloster_und_Felsenkirche.JPG,153194
108445bff540feed,https://upload.wikimedia.org/wikipedia/commons/1/19/Lambert_castle_nj_indoor.JPG,23399
186a5d85971cb9e6,http://upload.wikimedia.org/wikipedia/commons/0/06/Volt_V%C3%A1rsz%C3%ADnh%C3%A1z_%28145._sz%C3%A1m%C3%BA_m%C5%B1eml%C3%A9k%29_4.jpg,156994
04bffb5b07522dc0,https://upload.wikimedia.org/wikipedia/commons/d/d2/Joseph_Giraud_House_Entrance.jpg,187141
f77092fa6b371f1d,https://upload.wikimedia.org/wikipedia/commons/2/25/Begijnhof_Leuven_-_42.jpg,47685
c24826197963a5f4,https://upload.wikimedia.org/wikipedia/commons/6/6c/Lecce_%2C_Puglia_-_panoramio_%2813%29.jpg,136655
45ae5ed20c5e3e02,https://upload.wikimedia.org/wikipedia/commons/8/82/Kopenhagen_Mai_2009_PD_265.JPG,177867
633df5929d1bea92,https://upload.wikimedia.org/wikipedia/commons/0/0b/St_Nicholas_Church%2C_Moreton_-_geograph.org.uk_-_406423.jpg,104369
439cb8cc4e1e8a29,https://upload.wikimedia.org/wikipedia/commons/9/92/2015-02-16_12-49-31_Smederevo.jpg,110708
1d79ccdbc74fd778,https://upload.wikimedia.org/wikipedia/commons/8/8a/%E0%A6%AC%E0%A6%B2%E0%A6%A6%E0%A6%BE_%E0%A6%97%E0%A6%BE%E0%A6%B0%E0%A7%8D%E0%A6%A1%E0%A7%87%E0%A6%A8%E0%A7%87%E0%A6%B0_%E0%A6%AC%E0%A7%83%E0%A6%95%E0%A7%8D%E0%A6%B7.jpg,37039
0f62466bca744a1d,https://upload.wikimedia.org/wikipedia/commons/c/c4/Coastal_Footpath_to_Souter_Lighthouse_-_geograph.org.uk_-_1774869.jpg,164927
756e7f85fe7e5f1e,https://upload.wikimedia.org/wikipedia/commons/1/18/Rapallo-castello_sul_mare_%282015%29.jpg,67188
860f82a267125a42,https://upload.wikimedia.org/wikipedia/commons/a/aa/PikiWiki_Israel_3967_King_Og%27s_Finger_jerusalem.jpg,153771
9d2770289738eacd,https://upload.wikimedia.org/wikipedia/commons/f/f6/Martin-Luther-Kirche-03.jpg,112993
fe6db498d546bc93,https://upload.wikimedia.org/wikipedia/commons/5/52/Sound_Mirror_-_panoramio.jpg,17962
15d7152df23b3115,https://upload.wikimedia.org/wikipedia/commons/e/e1/Putrajaya%2C_the_Botanical_Garden_42.jpg,79688
5d35b03a5f6e0b52,https://upload.wikimedia.org/wikipedia/commons/8/8c/Portail_occidental_de_l%27%C3%A9glise_Saint-Pierre.JPG,83829
191e99a2ddf9e4e5,https://upload.wikimedia.org/wikipedia/commons/c/c9/Bluecherpark2_20050918.jpg,4121
eb93392019a54501,https://upload.wikimedia.org/wikipedia/commons/6/64/Comedy_Theatre._Listed_-8361._Detail._-_Budapest.JPG,28386
d0b76347a92358cd,https://upload.wikimedia.org/wikipedia/commons/b/bd/Juneau_Main_St_07.jpg,138692
c2bf596ed9d3bb3d,https://upload.wikimedia.org/wikipedia/commons/6/61/Viewing_platforms_on_Gunung_Mat_Cincang.JPG,65169
9a21a3457e0a89f0,https://upload.wikimedia.org/wikipedia/commons/b/b4/Bari_02.jpg,78765
16c1cf49b67b051e,https://upload.wikimedia.org/wikipedia/commons/f/f3/Entrance_Gate_and_Track_to_Nant-y-Fron_Quarry_-_geograph.org.uk_-_252649.jpg,5905
485d642486eef7f5,https://upload.wikimedia.org/wikipedia/commons/5/5b/Mong_Kok%2C_Hong_Kong_-_panoramio_%2826%29.jpg,181774
aa553d5f36691ae4,https://upload.wikimedia.org/wikipedia/commons/f/f4/G%C3%B6rlitz%2C_Demianiplatz_47-50.jpg,27490
30ba7d55558731db,https://upload.wikimedia.org/wikipedia/commons/9/96/Eglise_de_Vals_%281%29.jpg,112995
014425e9c920bb28,https://upload.wikimedia.org/wikipedia/commons/c/c8/Vo%C3%BBte_de_la_nef_%28%C3%A9glise_de_Lisle-sur-Tarn%29.jpg,59771
d77bbba8b06ca66a,https://upload.wikimedia.org/wikipedia/commons/7/7e/Porto_-_Castelo_da_Foz1595.jpg,118329
cf3b26db7c9733e6,http://upload.wikimedia.org/wikipedia/commons/0/0a/Museo_archeologico_di_artimino%2C_cratere_1.JPG,55425
c83cfce19b0f2090,https://upload.wikimedia.org/wikipedia/commons/4/47/%D0%97%D0%B4%D0%B0%D0%BD%D0%B8%D0%B5_%D0%A6%D0%B0%D1%80%D0%B8%D1%86%D1%8B%D0%BD%D1%81%D0%BA%D0%BE%D0%B9_%D0%BF%D0%BE%D0%B6%D0%B0%D1%80%D0%BD%D0%BE%D0%B9_%D0%BA%D0%BE%D0%BC%D0%B0%D0%BD%D0%B4%D1%8B._%D0%92%D0%B8%D0%B4_%D1%81_%D0%B2%D0%BE%D1%81%D1%82%D0%BE%D1%87%D0%BD%D0%BE%D0%B9_%D1%81%D1%82%D0%BE%D1%80%D0%BE%D0%BD%D1%8B..jpg,124014
1c5b8a27b5c603d5,https://upload.wikimedia.org/wikipedia/commons/7/74/Hurricane_Ridge_-_panoramio.jpg,103899
a1287125289e1318,https://upload.wikimedia.org/wikipedia/commons/3/34/%E5%A4%AA%E7%99%BD%E5%B1%B1%E9%A3%8E%E6%99%AF_55.jpg,57504
34b47041b0b53f47,https://upload.wikimedia.org/wikipedia/commons/9/99/%E7%8F%A0%E6%B5%B7%E6%9D%B1%E6%BE%B3%E5%B3%B62008_9.jpg,196496
12881b53f3622686,https://upload.wikimedia.org/wikipedia/commons/3/32/WolcottCT_TownGreen.jpg,47145
ae3c25d8c43e3f59,https://upload.wikimedia.org/wikipedia/commons/d/d1/USA_2012_1712_-_Suisun_City_-_Western_Railway_Museum_%286949599708%29.jpg,166435
f75ed1daf9e0a9e3,https://upload.wikimedia.org/wikipedia/commons/8/83/Arround_the_citadel.jpg,68681
462aa50d115b4dac,https://upload.wikimedia.org/wikipedia/commons/b/b1/CFD_Tie-down_roping_Stetson_Vest_-3.jpg,170802
a7d63ee42c5cc72b,https://upload.wikimedia.org/wikipedia/commons/8/87/%E5%AF%B6%E8%A6%BA%E5%AF%BA%E7%89%8C%E6%A8%93.jpg,154203
7d12c9c80a106187,https://upload.wikimedia.org/wikipedia/commons/3/34/Frombork_-_ko%C5%9Bci%C3%B3%C5%82_ewangelicki%2C_ob._pogrzebowy_%C5%9Bw._Wojciecha_%28widok_z_Wie%C5%BCy_Radziejowskiego%29.jpg,96843
a6757a77166ed034,https://upload.wikimedia.org/wikipedia/commons/2/2a/Lost_World_of_Tambun_Ipoh_Street.JPG,141995
bac2edd1aa559e42,https://upload.wikimedia.org/wikipedia/commons/0/05/Evangelische_Kirche_Gro%C3%9Fen-Buseck_Glocke_5_02.JPG,49093
e38430b1f429c07d,https://upload.wikimedia.org/wikipedia/commons/8/8b/%E5%B9%BF%E5%B7%9E%E5%85%89%E5%AD%9D%E5%AF%BAScenery_in_Guangzhou%2C_China_-_panoramio_%288%29.jpg,93025
7ae3870b095757b8,https://upload.wikimedia.org/wikipedia/commons/a/a1/Escultura_El_Secreto_-_Gustavo_Eberlein_%28detalle%29_04.JPG,48184
066f24478d92cf74,https://upload.wikimedia.org/wikipedia/commons/b/ba/2015_London%2C_Charlton_Cemetery_07.JPG,131437
7d78245a95c81de4,https://upload.wikimedia.org/wikipedia/commons/d/d6/Buttes_New_British_Cemetery_-49.jpg,109470
733fa32f278e3348,https://upload.wikimedia.org/wikipedia/commons/7/77/Simonov-IMG_6589-gradient.jpg,10809
e0ef55ce4f07cb22,https://upload.wikimedia.org/wikipedia/commons/1/12/Great_Theatre_of_Havana.jpg,120152
002683fd3711b1ba,https://upload.wikimedia.org/wikipedia/commons/b/bb/Qutub_Minar_0443.JPG,38090
c276d16d45672ef6,https://upload.wikimedia.org/wikipedia/commons/b/b7/Unnamed2_-_panoramio_%28994%29.jpg,49888
94fd8fcc733aaa10,http://upload.wikimedia.org/wikipedia/commons/1/19/Medici-Kapelle_Florenz-1.jpg,83067
65b50ec2507553bb,https://upload.wikimedia.org/wikipedia/commons/6/60/Bergtocht_van_Sarner_Alp_%281853_meter%29_via_Pr%C3%A4zer_H%C3%B6hi_%282119_meter%29_naar_Tguma_%282163_meter%29_010.jpg,200544
7eefc7f3a3ea5c43,https://upload.wikimedia.org/wikipedia/commons/2/26/Su%C3%B0urlandsvegur%2C_Hellishei%C3%B0i%2C_Aug._2016-5.jpg,68921
50245723de741354,https://upload.wikimedia.org/wikipedia/commons/5/52/Sal%C3%A8ve-t%C3%A9l%C3%A9ph%C3%A9rique1.jpg,22424
68e1c32688dce5c7,https://upload.wikimedia.org/wikipedia/commons/a/a0/%D0%90%D0%BB%D0%B5%D0%BA%D1%81%D0%B0%D0%BD%D0%B4%D1%80%D0%BE%D0%B2%D1%81%D0%BA%D0%B8%D0%B9_%D1%81%D0%B0%D0%B4%2C_%D0%BE%D0%B3%D1%80%D0%B0%D0%B4%D0%B0_%D1%81%D0%BE_%D1%81%D1%82%D0%BE%D1%80%D0%BE%D0%BD%D1%8B_%D0%BD%D0%B0%D0%B1%D0%B5%D1%80%D0%B5%D0%B6%D0%BD%D0%BE%D0%B903.jpg,146624
b7824a3d645e8873,https://upload.wikimedia.org/wikipedia/commons/5/59/St_Chad%27s_Church%2C_Holt%2C_Wrexham%2C_Cymru%2C_Wales_15.jpg,82070
07d6c41074a5f6cb,https://upload.wikimedia.org/wikipedia/commons/2/28/Little_Italy%2C_San_Diego%2C_CA_92101%2C_USA_-_panoramio_%2815%29.jpg,89868
b766967ce9f78e36,https://upload.wikimedia.org/wikipedia/commons/e/e4/SMG_PDL_20090524_SaoPedro_constructionCasino.JPG,190368
b8fc29225337c92c,https://upload.wikimedia.org/wikipedia/commons/c/c1/Centr%C3%A1ln%C3%AD_park_Lu%C5%BEiny_s%C3%ADdli%C5%A1t%C4%9B.jpg,144905
6f2f81ca4db7f294,https://upload.wikimedia.org/wikipedia/commons/2/2a/K%C3%A4rs%C3%B6n_2016a.jpg,74742
4b144a31c9ba2b4b,http://upload.wikimedia.org/wikipedia/commons/f/f2/Vuojoen_kartano_puistosta_n%C3%A4htyn%C3%A4.jpg,172312
cfb95171fb9426ae,https://upload.wikimedia.org/wikipedia/commons/b/b9/Helsingborg_2010-01-06_%284483567698%29.jpg,160530
7b27cc733541fa08,https://upload.wikimedia.org/wikipedia/commons/9/98/Seraincourt_%2895%29%2C_%C3%A9glise_Saint-Sulpice%2C_chevet.JPG,187455
70e57f40667afab2,https://upload.wikimedia.org/wikipedia/commons/f/f1/HighlandBowlTwoGentlemenOfVerona.jpg,31054
a01086bb44046094,https://upload.wikimedia.org/wikipedia/commons/2/2b/Augrabies-Schotia_afra-002.jpg,56843
7584edf611d07218,https://upload.wikimedia.org/wikipedia/commons/7/78/The_Israeli_Cartoon_Museum%2C_Display_View_004.jpg,34637
0c1e2c1493b5f748,https://upload.wikimedia.org/wikipedia/commons/3/37/Greece_-_panoramio_%2878%29.jpg,166072
62c4a194809b364e,http://upload.wikimedia.org/wikipedia/commons/6/67/Br%C3%BCcke_von_Andau.jpg,23848
d8591850582dadbd,https://upload.wikimedia.org/wikipedia/commons/9/91/Arles_Kreuzgang_B220746.JPG,64424
8c86281b083c6bc6,https://upload.wikimedia.org/wikipedia/commons/8/81/Phacelia_cicutaria_ne.jpg,167457
d9ab3668f8a1974e,https://upload.wikimedia.org/wikipedia/commons/b/bf/Elizabeth_Berger_Plaza_57_-_Trinity_Place_Park.jpg,80514
016ebc14250108da,https://upload.wikimedia.org/wikipedia/commons/d/de/NMCCineret.jpg,185302
bf0d1051de3a1177,https://upload.wikimedia.org/wikipedia/commons/2/22/GB_Loffredo_diocesano_Napoli.jpg,104562
07a51108f4c2ef49,https://upload.wikimedia.org/wikipedia/commons/4/40/Balle-doebefont.jpg,62010
ea2352f2df91686c,https://upload.wikimedia.org/wikipedia/commons/6/64/Pu%C5%82awy%2C_zesp%C3%B3%C5%82_pa%C5%82acowo-parkowy%2C_01.JPG,62774
920ae9652b53e7f3,https://upload.wikimedia.org/wikipedia/commons/8/82/Minneapolis_August_Night_%2836408808650%29.jpg,71844
886331f0fa78cccc,https://upload.wikimedia.org/wikipedia/commons/8/8e/Stevens_Peak_0781.JPG,161620
f30599a9b2241468,https://upload.wikimedia.org/wikipedia/commons/4/43/Riesenrad_bild8.jpg,124928
3cf6c867a827c3b9,https://upload.wikimedia.org/wikipedia/commons/8/87/%E0%B8%A7%E0%B8%B1%E0%B8%94%E0%B8%9E%E0%B8%A3%E0%B8%B0%E0%B8%9B%E0%B8%90%E0%B8%A1%E0%B9%80%E0%B8%88%E0%B8%94%E0%B8%B5%E0%B8%A2%E0%B9%8C%E0%B8%A3%E0%B8%B2%E0%B8%8A%E0%B8%A7%E0%B8%A3%E0%B8%A1%E0%B8%AB%E0%B8%B2%E0%B8%A7%E0%B8%B4%E0%B8%AB%E0%B8%B2%E0%B8%A3_Wat_Phra_Pathomchedi_Ratchaworamahawiharn_%2817%29.jpg,20337
8ba3888304641e4f,https://upload.wikimedia.org/wikipedia/commons/5/55/Baitings_Reservoir_%287963950876%29.jpg,132707
2a349f913a1b7cb7,https://upload.wikimedia.org/wikipedia/commons/b/be/BolinaoChurchjf5928_21.JPG,88564
5e8e2be44e36fc89,https://upload.wikimedia.org/wikipedia/commons/7/79/%CE%95%CF%80%CE%B9%CE%B3%CF%81%CE%B1%CF%86%CE%B9%CE%BA%CF%8C_%CE%9C%CE%BF%CF%85%CF%83%CE%B5%CE%AF%CE%BF_7.jpg,64140
205ab9d0ff4927ec,https://upload.wikimedia.org/wikipedia/commons/e/ec/France_-_Lille_-_panoramio_%286%29.jpg,27782
04d41549d9524de5,https://upload.wikimedia.org/wikipedia/commons/a/a6/Saint_Louis_Cathedral_of_Blois_01.jpg,40979
98429e85e504f0be,http://upload.wikimedia.org/wikipedia/commons/9/97/National_natural_monument_Rovna_in_spring_2011_%2810%29.JPG,52968
28962d58649e521c,https://upload.wikimedia.org/wikipedia/commons/0/07/De_put_windmill_%285%29.JPG,114200
91dd4e27dc46fffa,http://upload.wikimedia.org/wikipedia/commons/a/ad/Clarendon_Building%2C_Oxford%2C_England_-_May_2010.jpg,82396
7efa6abb64b1bc6b,https://upload.wikimedia.org/wikipedia/commons/d/d6/Tsim_Sha_Tsui%2C_Hong_Kong_-_panoramio_-_ken93110.jpg,82540
630f13238503f502,https://upload.wikimedia.org/wikipedia/commons/7/72/Mnajdra_Temple%2C_Qrendi_04.jpg,150530
22d44534def15633,https://upload.wikimedia.org/wikipedia/commons/0/03/Zapis-1132-Misevic-lipa-kod-skole_20171126_2526.jpg,140581
72882d2b7e34c56e,https://upload.wikimedia.org/wikipedia/commons/8/8c/%C2%AE_S.D._MADRID_PARQUE_LINEAL_MANZANARES-PANORAMA_-_panoramio_%287%29.jpg,161902
92284ae3ce2aeccc,https://upload.wikimedia.org/wikipedia/commons/5/59/%C3%89tang_dans_le_parc_-_panoramio_%282%29.jpg,24353
e097eee2961deeba,http://upload.wikimedia.org/wikipedia/commons/9/90/Prunus_serrula_844.JPG,120422
5700eee31765ec69,https://upload.wikimedia.org/wikipedia/commons/6/61/London_-_April_2009_%283496497901%29.jpg,116452
a91fd7a8f3841357,https://upload.wikimedia.org/wikipedia/commons/b/ba/Devinne-press-bldg.jpg,145546
4c0ea7a9272de2e4,https://upload.wikimedia.org/wikipedia/commons/d/d6/Tor_wodny_Gdansk.jpg,46776
e27c45394b727c72,http://upload.wikimedia.org/wikipedia/commons/1/18/Chl%C3%ADstovice%2C_hrad_Sion_%2803%29.jpg,123599
61172bbc916ade29,https://upload.wikimedia.org/wikipedia/commons/a/a3/Venezia_-_panoramio_%28149%29.jpg,69753
a0e926fcdeb7b2b8,https://upload.wikimedia.org/wikipedia/commons/4/46/Statue_Jeanne_Arc_place_Pyramides_Paris_3.jpg,149518
e6d6c064cf2e1869,https://upload.wikimedia.org/wikipedia/commons/0/0f/Troja%C4%8Dka_%2821%29.jpg,109108
70c239a3d0a1e419,https://upload.wikimedia.org/wikipedia/commons/9/9c/Bundesarchiv_Bild_183-1989-0222-007%2C_Berlin%2C_Fauler_See%2C_Reinigung.jpg,18148
a63cb01046fdd0d0,https://upload.wikimedia.org/wikipedia/commons/8/84/Vista_de_Cervera_04.JPG,153562
d8dd8771b2aac014,https://upload.wikimedia.org/wikipedia/commons/f/fe/Le_casernement_et_le_foss%C3%A9_du_fort_de_Bois_l%27Abb%C3%A9.jpg,128608
a44d0cf2a01f3e6e,https://upload.wikimedia.org/wikipedia/commons/7/7d/From_the_top_of_Whitbarrow_looking_north_east_-_geograph.org.uk_-_150597.jpg,158504
0cc1cf01616be8c1,http://upload.wikimedia.org/wikipedia/commons/e/e4/Harderwijk_grote_kerk_E.jpg,22289
b93554d1c54b7220,http://upload.wikimedia.org/wikipedia/commons/8/84/Ruine_Wichenstein_nah_Zoom.JPG,35443
84d8a6c8245e8629,https://upload.wikimedia.org/wikipedia/commons/1/19/Sete_Cidades_%2823953958236%29.jpg,123309
3323f9600dca39e9,https://upload.wikimedia.org/wikipedia/commons/e/e5/Ghilarza%2C_frazione_Zuri%2C_chiesa_di_San_Pietro_%2817%29.jpg,5165
16338ed42c584867,http://upload.wikimedia.org/wikipedia/commons/c/cf/Lichtarm_-_Sint-Oedenrode_-_20170786_-_RCE.jpg,130246
baa96e27f0f2f114,https://upload.wikimedia.org/wikipedia/commons/5/50/RSM_GALLERY_201606_03.jpg,172433
fd1d9b48bb800e03,https://upload.wikimedia.org/wikipedia/commons/6/64/Piedra%2C_Isla_de_Alicudi%2C_Islas_Eolias%2C_Sicilia%2C_Italia%2C_2015.JPG,202910
aa1c27a5c0c46579,http://upload.wikimedia.org/wikipedia/commons/c/c1/Tabernacle_in_the_church_Maria_K%C3%B6nigin_L%C3%BCdenscheid%2C_Germany.jpg,100899
1880691976a719ef,https://upload.wikimedia.org/wikipedia/commons/9/94/Cesvaine_m%C3%B5is._H%C3%A4rrastemaja._2.jpg,147404
3eee117d1a2c479a,https://upload.wikimedia.org/wikipedia/commons/3/39/Spreading_Dogbane_%283629265769%29.jpg,57190
6484bf3367ad44b8,http://upload.wikimedia.org/wikipedia/commons/9/97/Tadeusz_Lomnicki_gwiazda_Lodz.jpg,153396
a97150a87fb9f91d,https://upload.wikimedia.org/wikipedia/commons/a/a4/%E9%BB%84%E5%B1%B1%E5%B8%82%E9%BB%9F%E5%8E%BF%E5%AE%8F%E6%9D%91%EF%BC%8D%E5%8D%97%E6%B9%96%E8%BE%B9%E7%9C%8B%E5%8F%A4%E6%B0%91%E5%B1%85_-_panoramio.jpg,18786
d4d6b2c0521b9621,http://upload.wikimedia.org/wikipedia/commons/a/ac/Sas_dal_Ega_da_Funes.JPG,99851
d37dcaf09ae1ab0f,http://upload.wikimedia.org/wikipedia/commons/8/84/G%C3%B6ttingen-Grave.of.Christian.Friedrich.M%C3%BChlenbruch.02.jpg,140270
2c784fdabac223b0,http://upload.wikimedia.org/wikipedia/commons/2/2d/Nitzanim_Palace_P1180744.JPG,102905
0c041a3984ad3a05,http://upload.wikimedia.org/wikipedia/commons/1/1c/Batz-sur-Mer_44_Grand_blockhauss_2009.jpg,117908
5403d0b5090cbe2b,https://upload.wikimedia.org/wikipedia/commons/8/83/Finding_Nemo_the_Musical_-_Disney%27s_Animal_Kingdom_%282083779415%29.jpg,129324
bf497fa5e4299de1,https://upload.wikimedia.org/wikipedia/commons/a/a2/%D0%9A%D0%BE%D0%BC%D0%BE%D1%80%D0%B0_%D0%B7_%D1%81%D0%B5%D0%BB%D0%B0_%D0%91%D1%96%D1%80%D0%BA%D0%B8_%D0%97%D1%96%D0%BD%D1%8C%D0%BA%D1%96%D0%B2%D1%81%D1%8C%D0%BA%D0%BE%D0%B3%D0%BE_%D1%80%D0%B0%D0%B9%D0%BE%D0%BD%D1%83_%D0%9F%D0%BE%D0%BB%D1%82%D0%B0%D0%B2%D1%81%D1%8C%D0%BA%D0%BE%D1%97_%D0%BE%D0%B1%D0%BB%D0%B0%D1%81%D1%82%D1%96_%D0%9A%D0%B8%D1%97%D0%B2_%D0%9F%D0%B8%D1%80%D0%BE%D0%B3%D1%96%D0%B2.JPG,83144
7af694e7b0aa8e47,https://upload.wikimedia.org/wikipedia/commons/c/c4/Itimad-ud-Daula%E2%80%99s_Tomb_179.jpg,189907
236dcfad5c9655d2,https://upload.wikimedia.org/wikipedia/commons/1/12/Tremella_mesenterica%2C_Yellow_mushroom_or_fungus_in_the_mallebos.jpg,126014
d9634a0429ca8119,https://upload.wikimedia.org/wikipedia/commons/f/f4/Rozhledna_Cisarsky_kamen.jpg,88619
8405ab6ecc4a0c07,https://upload.wikimedia.org/wikipedia/commons/b/bd/Ch%C3%A2teau_Saint-Louis_17.jpg,34154
04c859d3c3b9f7e8,http://upload.wikimedia.org/wikipedia/commons/0/03/Seooreung_15.JPG,43546
ecbb272c315cb2e5,https://upload.wikimedia.org/wikipedia/commons/7/7c/Mong_Kok%2C_Hong_Kong_-_panoramio_%2864%29.jpg,2384
b615afedbb55bedf,https://upload.wikimedia.org/wikipedia/commons/1/1a/Essen_Kupferdreh_-_Kupferdreher_Stra%C3%9Fe_-_Mineralien-Museum_01_ies.jpg,153293
be5af2460acb6eec,https://upload.wikimedia.org/wikipedia/commons/8/8a/Varese-Iluminada.jpg,88315
46e71b0aa4e661fe,http://upload.wikimedia.org/wikipedia/commons/6/6b/Marinablue.jpg,124076
c8753309864aa5a5,https://upload.wikimedia.org/wikipedia/commons/4/4d/2016_Maastricht%2C_Frontenpark_met_vestingrestanten_06.jpg,375
828f577f183894b6,https://upload.wikimedia.org/wikipedia/commons/d/dc/Hejnums-kyrka-Gotland-portal5.jpg,163803
4b104e236ddfc622,http://upload.wikimedia.org/wikipedia/commons/5/56/Fort_de_Comboire_DSCN6728.JPG,152082
da03200ec23de325,https://upload.wikimedia.org/wikipedia/commons/9/9a/Riquewihr_Dolder_Stadtseite_1.jpg,156727
0f1cf148aeb6d31e,https://upload.wikimedia.org/wikipedia/commons/1/18/%D0%97%D0%B4%D0%B0%D0%BD%D0%B8%D0%B5_%D0%BC%D1%83%D0%B7%D0%B5%D1%8F_%28_%D0%B4%D0%BE%D0%BC_%D1%83%D0%BF%D1%80%D0%B0%D0%B2%D0%BB%D1%8F%D1%8E%D1%89%D0%B5%D0%B3%D0%BE%29.jpg,181604
fbccfe42b98042f5,https://upload.wikimedia.org/wikipedia/commons/b/bf/%D7%9E%D7%A8%D7%9B%D7%96_%D7%97%D7%99%D7%A0%D7%95%D7%9A_%D7%9C%D7%A9%D7%95%D7%90%D7%94_%E2%80%93_%D7%91%D7%99%D7%AA_%D7%A9%D7%9C%D7%95%D7%9D_%D7%99%D7%A4%D7%9F_-_Holocaust_Education_Center_%E2%80%93_Fukuyama_Japan_%288%29.JPG,74421
e1d84fa617c6d79e,https://upload.wikimedia.org/wikipedia/commons/5/5a/The_Blue_Sky_and_The_Coloured_Trees_-_panoramio.jpg,47503
9759b88c49d97b7b,http://upload.wikimedia.org/wikipedia/commons/7/75/Vor_und_Fruehgeschichte_%28125%29.jpg,51729
df64616ae72d83c6,https://upload.wikimedia.org/wikipedia/commons/0/07/Nordenskirker_Bara%2801%29.jpg,145030
1a59ef37653a51d3,https://upload.wikimedia.org/wikipedia/commons/2/22/Foliage%2C_V%C3%A9zoles_Lake_02.jpg,130610
43c6446d1b5910a5,https://upload.wikimedia.org/wikipedia/commons/6/66/%C3%89glise_Saint-%C3%89tienne_de_Villerouge-Termen%C3%A8s014.JPG,27738
70d67629901e9499,https://upload.wikimedia.org/wikipedia/commons/7/72/Kong_Lor_Caves_of_Laos_%285422122754%29.jpg,80696
cc6bd910d92c5c53,https://upload.wikimedia.org/wikipedia/commons/5/50/Puebla-sabinarLasblancas_%282014%290059.jpg,35536
912dc9d7bffccca5,https://upload.wikimedia.org/wikipedia/commons/9/9e/Unnamed2_-_panoramio_%283824%29.jpg,7964
49635ae1e5389026,https://upload.wikimedia.org/wikipedia/commons/4/47/Geiger_counter_on_Wuling%2C_Hehuanshan.jpg,985
836ec320720230c9,http://upload.wikimedia.org/wikipedia/commons/2/2e/Kreuzkirche_Z%C3%BCrich-Hottingen.jpg,14107
42cf8df6b28c57c9,http://upload.wikimedia.org/wikipedia/commons/c/ca/Mount_Olivet_Cemetery_Nashville_TN_2013-07-20_050.jpg,8337
9f8539ee416a5914,https://upload.wikimedia.org/wikipedia/commons/a/ac/Deshat-from-Bigor-Monastery.jpg,36262
fda220e950c1570c,https://upload.wikimedia.org/wikipedia/commons/8/8c/Budapest%2C_Kir%C3%A1ly_f%C3%BCrd%C5%91%2C_kabinok.jpg,82080
0e88c0a5401cf86b,http://upload.wikimedia.org/wikipedia/commons/a/ae/Hamburg-mundsburg-ernst-deutsch-theater-mit-roter-s%C3%A4ule.JPG,27567
58acbab27d655204,https://upload.wikimedia.org/wikipedia/commons/c/c6/Parsurameswar_temple-1.jpg,156172
d990820c9c5f780c,http://upload.wikimedia.org/wikipedia/commons/5/5c/Mercat_Galvany_P1130285.jpg,15648
f171bf549814b389,https://upload.wikimedia.org/wikipedia/commons/5/5d/Museum_of_Zoology_of_the_University_of_S%C3%A3o_Paulo_2018_16.jpg,38564
b24476e0b0a4256b,http://upload.wikimedia.org/wikipedia/commons/2/20/Foshan_Zu_Miao_2012.11.20_15-40-33.jpg,44309
9e39a60fb89eacdd,https://upload.wikimedia.org/wikipedia/commons/3/3e/John_Farey_with_QR_code.jpg,188273
b6e8dc64820b775d,https://upload.wikimedia.org/wikipedia/commons/0/0c/Frente_Casa_Curutchet_1.JPG,144081
1408cb34d7214127,https://upload.wikimedia.org/wikipedia/commons/4/42/CosmoToluca06.JPG,188410
